File,Duration
S27_Q47.csv,45.6
S72_Q2.csv,48.88
S37_Q47.csv,49.04
S59_Q13.csv,50.0
S58_Q20.csv,50.32
S72_Q1.csv,50.64
S59_Q20.csv,50.72
S58_Q7.csv,50.88
S81_Q20.csv,51.36
S52_Q7.csv,51.76
S206_Q1.csv,51.76
S206_Q2.csv,52.0
S58_Q47.csv,52.4
S59_Q21.csv,52.4
S58_Q10.csv,52.48
S59_Q16.csv,52.64
S59_Q18.csv,52.8
S206_Q4.csv,52.8
S61_Q10.csv,52.88
S30_Q10.csv,53.04
S57_Q2.csv,53.12
S59_Q7.csv,53.36
S59_Q6.csv,53.44
S58_Q23.csv,53.6
S121_Q2.csv,53.68
S183_Q9.csv,53.92
S61_Q7.csv,53.92
S61_Q23.csv,54.0
S30_Q6.csv,54.08
S121_Q16.csv,54.24
S59_Q1.csv,54.32
S52_Q20.csv,54.4
S81_Q2.csv,54.4
S52_Q21.csv,54.48
S61_Q2.csv,54.72
S81_Q10.csv,54.8
S52_Q10.csv,54.8
S52_Q15.csv,54.88
S30_Q7.csv,55.12
S59_Q2.csv,55.2
S121_Q21.csv,55.36
S121_Q18.csv,55.44
S59_Q15.csv,55.52
S58_Q14.csv,55.52
S81_Q9.csv,55.6
S59_Q22.csv,55.68
S175_Q20.csv,55.68
S81_Q4.csv,55.76
S30_Q9.csv,55.84
S81_Q21.csv,55.84
S377_Q2.csv,55.84
S81_Q23.csv,55.92
S58_Q16.csv,55.92
S52_Q9.csv,56.0
S81_Q1.csv,56.0
S59_Q10.csv,56.0
S58_Q11.csv,56.08
S61_Q1.csv,56.16
S58_Q22.csv,56.16
S59_Q14.csv,56.16
S61_Q14.csv,56.32
S59_Q4.csv,56.32
S59_Q9.csv,56.32
S81_Q14.csv,56.32
S52_Q2.csv,56.4
S81_Q7.csv,56.56
S58_Q9.csv,56.56
S61_Q22.csv,56.72
S175_Q47.csv,56.8
S52_Q16.csv,56.96
S58_Q13.csv,56.96
S377_Q1.csv,57.04
S81_Q6.csv,57.12
S377_Q47.csv,57.12
S52_Q18.csv,57.12
S81_Q47.csv,57.12
S211_Q14.csv,57.28
S59_Q47.csv,57.28
S81_Q22.csv,57.36
S377_Q18.csv,57.44
S81_Q13.csv,57.44
S377_Q13.csv,57.6
S175_Q18.csv,57.6
S211_Q4.csv,57.68
S61_Q20.csv,57.68
S58_Q2.csv,57.68
S81_Q15.csv,57.76
S58_Q15.csv,57.76
S81_Q18.csv,57.76
S278_Q13.csv,57.76
S52_Q23.csv,57.84
S58_Q18.csv,57.92
S58_Q21.csv,57.92
S57_Q9.csv,58.0
S58_Q6.csv,58.0
S81_Q11.csv,58.0
S377_Q16.csv,58.08
S52_Q22.csv,58.16
S6_Q7.csv,58.24
S377_Q7.csv,58.24
S377_Q11.csv,58.32
S278_Q11.csv,58.32
S211_Q7.csv,58.32
S211_Q11.csv,58.4
S377_Q10.csv,58.48
S278_Q9.csv,58.56
S377_Q45.csv,58.56
S216_Q21.csv,58.56
S371_Q7.csv,58.56
S377_Q4.csv,58.56
S377_Q21.csv,58.64
S86_Q7.csv,58.64
S377_Q14.csv,58.64
S57_Q7.csv,58.72
S2_Q7.csv,58.88
S57_Q4.csv,58.88
S89_Q9.csv,58.88
S211_Q6.csv,58.88
S175_Q16.csv,58.96
S57_Q13.csv,58.96
S270_Q14.csv,58.96
S278_Q22.csv,58.96
S170_Q10.csv,58.96
S2_Q10.csv,59.04
S81_Q16.csv,59.04
S278_Q1.csv,59.04
S89_Q7.csv,59.04
S170_Q23.csv,59.12
S175_Q11.csv,59.12
S57_Q1.csv,59.2
S89_Q22.csv,59.2
S2_Q22.csv,59.28
S211_Q1.csv,59.28
S278_Q21.csv,59.36
S89_Q14.csv,59.36
S2_Q9.csv,59.36
S193_Q6.csv,59.44
S196_Q2.csv,59.44
S52_Q4.csv,59.52
S52_Q47.csv,59.52
S2_Q6.csv,59.52
S2_Q4.csv,59.6
S371_Q9.csv,59.6
S1_Q7.csv,59.68
S89_Q2.csv,59.68
S89_Q23.csv,59.76
S2_Q23.csv,59.76
S89_Q10.csv,59.76
S278_Q14.csv,59.76
S52_Q13.csv,59.76
S30_Q47.csv,59.76
S61_Q15.csv,59.84
S89_Q4.csv,59.84
S1_Q14.csv,59.84
S211_Q10.csv,59.84
S215_Q7.csv,59.84
S371_Q6.csv,59.84
S278_Q47.csv,59.92
S1_Q9.csv,59.92
S211_Q13.csv,59.92
S377_Q6.csv,59.92
S1_Q6.csv,59.92
S371_Q14.csv,60.0
S278_Q18.csv,60.0
S61_Q9.csv,60.0
S2_Q2.csv,60.08
S371_Q23.csv,60.16
S89_Q6.csv,60.16
S211_Q9.csv,60.16
S1_Q10.csv,60.16
S270_Q10.csv,60.16
S278_Q4.csv,60.24
S58_Q1.csv,60.24
S377_Q20.csv,60.24
S89_Q18.csv,60.24
S278_Q10.csv,60.32
S52_Q6.csv,60.4
S57_Q14.csv,60.4
S193_Q10.csv,60.48
S61_Q4.csv,60.48
S125_Q11.csv,60.48
S170_Q4.csv,60.48
S371_Q22.csv,60.56
S278_Q7.csv,60.56
S193_Q9.csv,60.56
S193_Q16.csv,60.56
S57_Q6.csv,60.56
S371_Q11.csv,60.64
S1_Q13.csv,60.72
S2_Q11.csv,60.72
S278_Q15.csv,60.8
S2_Q1.csv,60.8
S193_Q14.csv,60.8
S270_Q13.csv,60.8
S211_Q18.csv,60.88
S30_Q2.csv,60.88
S278_Q16.csv,60.88
S52_Q11.csv,60.88
S413_Q9.csv,60.88
S193_Q7.csv,60.96
S89_Q21.csv,60.96
S193_Q2.csv,60.96
S89_Q13.csv,60.96
S1_Q11.csv,61.04
S89_Q15.csv,61.04
S1_Q1.csv,61.04
S215_Q1.csv,61.12
S52_Q14.csv,61.12
S371_Q45.csv,61.12
S2_Q47.csv,61.12
S7_Q4.csv,61.12
S377_Q9.csv,61.12
S371_Q16.csv,61.12
S194_Q10.csv,61.12
S6_Q23.csv,61.12
S198_Q4.csv,61.2
S125_Q1.csv,61.2
S57_Q10.csv,61.2
S125_Q7.csv,61.2
S86_Q1.csv,61.2
S6_Q14.csv,61.2
S57_Q11.csv,61.28
S270_Q6.csv,61.28
S193_Q4.csv,61.28
S58_Q4.csv,61.28
S371_Q4.csv,61.28
S2_Q13.csv,61.36
S1_Q4.csv,61.36
S7_Q7.csv,61.36
S2_Q14.csv,61.36
S211_Q2.csv,61.36
S371_Q13.csv,61.36
S194_Q11.csv,61.36
S200_Q6.csv,61.44
S198_Q6.csv,61.44
S57_Q18.csv,61.44
S6_Q9.csv,61.44
S410_Q9.csv,61.44
S211_Q16.csv,61.44
S200_Q11.csv,61.44
S91_Q9.csv,61.52
S1_Q23.csv,61.52
S193_Q22.csv,61.52
S6_Q2.csv,61.52
S278_Q6.csv,61.6
S194_Q7.csv,61.6
S200_Q9.csv,61.6
S216_Q13.csv,61.6
S371_Q1.csv,61.68
S7_Q18.csv,61.68
S2_Q21.csv,61.68
S200_Q10.csv,61.68
S194_Q9.csv,61.68
S194_Q6.csv,61.68
S371_Q10.csv,61.68
S371_Q18.csv,61.76
S193_Q1.csv,61.76
S61_Q13.csv,61.76
S6_Q10.csv,61.76
S377_Q22.csv,61.76
S413_Q4.csv,61.84
S6_Q13.csv,61.84
S7_Q22.csv,61.84
S197_Q6.csv,61.84
S215_Q47.csv,61.84
S275_Q22.csv,61.84
S6_Q1.csv,61.84
S2_Q45.csv,61.84
S413_Q6.csv,61.84
S198_Q1.csv,61.92
S197_Q13.csv,61.92
S30_Q11.csv,61.92
S216_Q1.csv,61.92
S91_Q13.csv,61.92
S91_Q4.csv,61.92
S193_Q47.csv,61.92
S211_Q21.csv,61.92
S89_Q16.csv,62.0
S193_Q23.csv,62.0
S30_Q4.csv,62.0
S371_Q2.csv,62.0
S88_Q9.csv,62.08
S89_Q11.csv,62.08
S198_Q11.csv,62.08
S194_Q1.csv,62.08
S61_Q16.csv,62.08
S215_Q18.csv,62.16
S7_Q6.csv,62.16
S1_Q2.csv,62.16
S8_Q10.csv,62.16
S211_Q20.csv,62.24
S278_Q23.csv,62.24
S91_Q6.csv,62.24
S91_Q7.csv,62.24
S194_Q14.csv,62.24
S7_Q13.csv,62.24
S198_Q13.csv,62.24
S377_Q23.csv,62.24
S86_Q23.csv,62.32
S198_Q16.csv,62.32
S197_Q23.csv,62.32
S410_Q1.csv,62.4
S6_Q4.csv,62.4
S86_Q2.csv,62.4
S86_Q10.csv,62.4
S7_Q10.csv,62.4
S278_Q20.csv,62.4
S86_Q6.csv,62.48
S125_Q2.csv,62.48
S377_Q15.csv,62.48
S7_Q16.csv,62.48
S371_Q47.csv,62.48
S215_Q10.csv,62.48
S8_Q47.csv,62.48
S30_Q14.csv,62.48
S198_Q14.csv,62.48
S91_Q10.csv,62.48
S200_Q22.csv,62.48
S193_Q21.csv,62.48
S86_Q14.csv,62.56
S270_Q7.csv,62.56
S278_Q2.csv,62.56
S198_Q7.csv,62.56
S413_Q7.csv,62.56
S216_Q14.csv,62.56
S198_Q18.csv,62.56
S30_Q1.csv,62.56
S193_Q15.csv,62.56
S125_Q4.csv,62.56
S275_Q14.csv,62.56
S216_Q4.csv,62.64
S216_Q6.csv,62.64
S6_Q6.csv,62.64
S200_Q4.csv,62.64
S7_Q47.csv,62.64
S216_Q22.csv,62.72
S371_Q21.csv,62.72
S200_Q20.csv,62.72
S30_Q15.csv,62.72
S57_Q20.csv,62.72
S61_Q47.csv,62.72
S215_Q6.csv,62.72
S194_Q4.csv,62.72
S410_Q7.csv,62.72
S275_Q4.csv,62.72
S410_Q2.csv,62.8
S88_Q4.csv,62.8
S59_Q23.csv,62.8
S413_Q1.csv,62.8
S2_Q18.csv,62.8
S7_Q1.csv,62.8
S413_Q10.csv,62.8
S200_Q47.csv,62.8
S200_Q13.csv,62.88
S7_Q23.csv,62.88
S198_Q2.csv,62.88
S86_Q13.csv,62.88
S86_Q47.csv,62.88
S216_Q7.csv,62.88
S275_Q13.csv,62.88
S6_Q22.csv,62.96
S275_Q10.csv,62.96
S215_Q2.csv,62.96
S61_Q11.csv,62.96
S215_Q11.csv,62.96
S211_Q22.csv,62.96
S193_Q13.csv,62.96
S30_Q22.csv,62.96
S1_Q47.csv,62.96
S194_Q2.csv,62.96
S9_Q7.csv,62.96
S30_Q20.csv,62.96
S216_Q11.csv,62.96
S198_Q21.csv,62.96
S89_Q20.csv,63.04
S2_Q15.csv,63.04
S211_Q23.csv,63.04
S91_Q20.csv,63.04
S1_Q16.csv,63.12
S241_Q4.csv,63.12
S216_Q10.csv,63.12
S8_Q6.csv,63.12
S8_Q23.csv,63.12
S1_Q18.csv,63.12
S8_Q11.csv,63.12
S125_Q9.csv,63.2
S8_Q4.csv,63.2
S6_Q11.csv,63.2
S215_Q16.csv,63.2
S200_Q23.csv,63.2
S193_Q11.csv,63.2
S6_Q21.csv,63.2
S197_Q14.csv,63.2
S275_Q11.csv,63.2
S194_Q23.csv,63.2
S9_Q6.csv,63.2
S197_Q9.csv,63.2
S7_Q20.csv,63.2
S198_Q9.csv,63.28
S8_Q1.csv,63.28
S198_Q47.csv,63.28
S7_Q21.csv,63.28
S86_Q11.csv,63.28
S92_Q11.csv,63.28
S91_Q23.csv,63.28
S91_Q2.csv,63.28
S200_Q21.csv,63.28
S215_Q22.csv,63.28
S7_Q14.csv,63.28
S6_Q47.csv,63.36
S85_Q11.csv,63.36
S211_Q47.csv,63.36
S197_Q11.csv,63.36
S92_Q10.csv,63.36
S371_Q15.csv,63.44
S91_Q22.csv,63.44
S85_Q2.csv,63.44
S8_Q14.csv,63.44
S125_Q20.csv,63.44
S215_Q23.csv,63.44
S275_Q6.csv,63.44
S215_Q4.csv,63.52
S194_Q13.csv,63.52
S88_Q7.csv,63.52
S8_Q22.csv,63.52
S91_Q14.csv,63.52
S1_Q22.csv,63.52
S30_Q13.csv,63.52
S198_Q23.csv,63.6
S86_Q21.csv,63.6
S85_Q13.csv,63.6
S2_Q16.csv,63.6
S2_Q20.csv,63.6
S86_Q22.csv,63.6
S216_Q2.csv,63.6
S61_Q18.csv,63.6
S216_Q18.csv,63.6
S1_Q21.csv,63.68
S200_Q14.csv,63.68
S215_Q14.csv,63.68
S86_Q16.csv,63.68
S170_Q20.csv,63.68
S197_Q4.csv,63.68
S198_Q20.csv,63.68
S6_Q15.csv,63.68
S275_Q47.csv,63.68
S211_Q15.csv,63.68
S91_Q47.csv,63.68
S215_Q21.csv,63.76
S86_Q9.csv,63.76
S200_Q1.csv,63.76
S275_Q15.csv,63.76
S200_Q2.csv,63.76
S198_Q10.csv,63.76
S170_Q22.csv,63.76
S9_Q14.csv,63.76
S216_Q23.csv,63.76
S193_Q18.csv,63.84
S6_Q20.csv,63.84
S216_Q9.csv,63.84
S57_Q21.csv,63.84
S194_Q22.csv,63.92
S197_Q16.csv,63.92
S85_Q1.csv,63.92
S85_Q10.csv,63.92
S125_Q6.csv,63.92
S7_Q9.csv,63.92
S8_Q13.csv,63.92
S197_Q1.csv,63.92
S7_Q11.csv,64.0
S59_Q11.csv,64.0
S91_Q11.csv,64.08
S197_Q15.csv,64.08
S9_Q9.csv,64.08
S216_Q16.csv,64.08
S1_Q15.csv,64.08
S9_Q16.csv,64.16
S30_Q23.csv,64.16
S85_Q14.csv,64.16
S91_Q1.csv,64.16
S215_Q13.csv,64.16
S200_Q15.csv,64.24
S197_Q7.csv,64.24
S85_Q22.csv,64.24
S200_Q18.csv,64.24
S193_Q20.csv,64.24
S9_Q1.csv,64.24
S57_Q16.csv,64.24
S9_Q13.csv,64.24
S275_Q9.csv,64.24
S216_Q47.csv,64.24
S85_Q4.csv,64.24
S7_Q15.csv,64.24
S197_Q10.csv,64.32
S7_Q2.csv,64.32
S371_Q20.csv,64.32
S159_Q22.csv,64.32
S216_Q20.csv,64.32
S92_Q9.csv,64.32
S216_Q15.csv,64.32
S197_Q22.csv,64.4
S244_Q11.csv,64.4
S170_Q16.csv,64.4
S197_Q47.csv,64.4
S28_Q4.csv,64.4
S8_Q18.csv,64.48
S275_Q1.csv,64.48
S197_Q20.csv,64.48
S376_Q14.csv,64.48
S241_Q10.csv,64.48
S86_Q15.csv,64.48
S198_Q22.csv,64.56
S275_Q20.csv,64.56
S199_Q47.csv,64.56
S86_Q18.csv,64.56
S376_Q7.csv,64.56
S199_Q7.csv,64.56
S9_Q10.csv,64.56
S376_Q13.csv,64.64
S194_Q47.csv,64.64
S410_Q4.csv,64.64
S9_Q18.csv,64.64
S194_Q21.csv,64.64
S215_Q9.csv,64.64
S413_Q2.csv,64.64
S159_Q7.csv,64.64
S197_Q2.csv,64.72
S92_Q13.csv,64.72
S92_Q6.csv,64.72
S6_Q16.csv,64.72
S88_Q23.csv,64.72
S9_Q22.csv,64.72
S275_Q7.csv,64.8
S194_Q20.csv,64.8
S86_Q4.csv,64.8
S92_Q7.csv,64.8
S1_Q20.csv,64.8
S125_Q14.csv,64.8
S215_Q20.csv,64.8
S8_Q16.csv,64.88
S198_Q15.csv,64.88
S92_Q23.csv,64.88
S89_Q47.csv,64.88
S199_Q14.csv,64.96
S183_Q7.csv,64.96
S199_Q22.csv,65.04
S88_Q13.csv,65.04
S85_Q6.csv,65.04
S85_Q7.csv,65.04
S199_Q1.csv,65.04
S275_Q16.csv,65.04
S376_Q10.csv,65.04
S8_Q21.csv,65.04
S241_Q6.csv,65.04
S28_Q7.csv,65.04
S88_Q11.csv,65.04
S376_Q4.csv,65.12
S85_Q23.csv,65.2
S199_Q4.csv,65.2
S199_Q6.csv,65.2
S92_Q4.csv,65.2
S376_Q11.csv,65.2
S376_Q6.csv,65.2
S275_Q21.csv,65.2
S6_Q18.csv,65.2
S9_Q4.csv,65.2
S199_Q9.csv,65.2
S57_Q22.csv,65.28
S200_Q16.csv,65.28
S275_Q18.csv,65.28
S85_Q18.csv,65.28
S88_Q6.csv,65.28
S85_Q9.csv,65.28
S200_Q7.csv,65.28
S194_Q18.csv,65.36
S203_Q2.csv,65.44
S88_Q20.csv,65.44
S28_Q9.csv,65.44
S28_Q2.csv,65.52
S8_Q20.csv,65.52
S92_Q1.csv,65.52
S199_Q10.csv,65.6
S159_Q10.csv,65.6
S199_Q15.csv,65.6
S159_Q23.csv,65.6
S1_Q45.csv,65.6
S199_Q21.csv,65.6
S197_Q18.csv,65.68
S85_Q47.csv,65.68
S92_Q2.csv,65.76
S376_Q45.csv,65.76
S199_Q11.csv,65.76
S85_Q21.csv,65.76
S199_Q13.csv,65.76
S92_Q22.csv,65.76
S162_Q22.csv,65.76
S8_Q7.csv,65.76
S125_Q23.csv,65.84
S61_Q6.csv,65.84
S194_Q15.csv,65.84
S376_Q22.csv,65.84
S197_Q21.csv,65.84
S57_Q15.csv,65.84
S159_Q13.csv,65.92
S376_Q47.csv,65.92
S194_Q16.csv,65.92
S9_Q23.csv,65.92
S199_Q2.csv,66.0
S199_Q23.csv,66.0
S28_Q6.csv,66.0
S85_Q15.csv,66.0
S183_Q6.csv,66.0
S57_Q23.csv,66.0
S92_Q47.csv,66.08
S183_Q14.csv,66.08
S52_Q1.csv,66.08
S183_Q10.csv,66.08
S199_Q16.csv,66.16
S28_Q11.csv,66.16
S9_Q11.csv,66.16
S125_Q16.csv,66.16
S92_Q14.csv,66.16
S159_Q6.csv,66.24
S86_Q20.csv,66.24
S28_Q1.csv,66.24
S85_Q16.csv,66.24
S183_Q47.csv,66.32
S9_Q20.csv,66.32
S9_Q47.csv,66.32
S8_Q2.csv,66.32
S91_Q21.csv,66.32
S28_Q14.csv,66.32
S376_Q9.csv,66.4
S376_Q23.csv,66.4
S9_Q15.csv,66.4
S376_Q2.csv,66.4
S183_Q11.csv,66.48
S215_Q15.csv,66.48
S183_Q20.csv,66.48
S270_Q11.csv,66.48
S61_Q21.csv,66.56
S270_Q4.csv,66.56
S88_Q47.csv,66.64
S88_Q21.csv,66.64
S92_Q18.csv,66.64
S28_Q13.csv,66.64
S394_Q13.csv,66.64
S159_Q4.csv,66.72
S159_Q2.csv,66.72
S8_Q15.csv,66.72
S183_Q13.csv,66.72
S28_Q22.csv,66.72
S275_Q23.csv,66.8
S156_Q10.csv,66.8
S125_Q47.csv,66.88
S199_Q18.csv,66.88
S88_Q14.csv,66.88
S85_Q20.csv,66.88
S30_Q18.csv,66.88
S241_Q9.csv,66.96
S162_Q20.csv,66.96
S132_Q9.csv,66.96
S159_Q9.csv,66.96
S125_Q13.csv,66.96
S394_Q6.csv,66.96
S159_Q14.csv,67.04
S162_Q16.csv,67.04
S28_Q47.csv,67.04
S92_Q20.csv,67.04
S9_Q21.csv,67.04
S156_Q6.csv,67.12
S49_Q2.csv,67.12
S170_Q14.csv,67.12
S159_Q1.csv,67.12
S29_Q9.csv,67.12
S125_Q10.csv,67.2
S376_Q1.csv,67.2
S162_Q18.csv,67.2
S28_Q10.csv,67.2
S241_Q7.csv,67.2
S241_Q1.csv,67.28
S394_Q47.csv,67.28
S88_Q22.csv,67.28
S8_Q9.csv,67.28
S394_Q11.csv,67.28
S170_Q13.csv,67.36
S125_Q18.csv,67.36
S394_Q45.csv,67.36
S394_Q7.csv,67.36
S270_Q22.csv,67.36
S125_Q22.csv,67.52
S394_Q18.csv,67.52
S394_Q4.csv,67.52
S162_Q11.csv,67.52
S394_Q22.csv,67.6
S110_Q7.csv,67.6
S29_Q7.csv,67.68
S170_Q6.csv,67.68
S159_Q11.csv,67.68
S394_Q10.csv,67.68
S394_Q15.csv,67.68
S183_Q15.csv,67.68
S183_Q16.csv,67.76
S92_Q16.csv,67.76
S91_Q15.csv,67.76
S244_Q22.csv,67.76
S376_Q15.csv,67.76
S270_Q1.csv,67.84
S92_Q21.csv,67.84
S159_Q21.csv,67.84
S241_Q11.csv,67.84
S394_Q20.csv,67.84
S241_Q14.csv,67.92
S183_Q22.csv,68.0
S241_Q22.csv,68.0
S30_Q21.csv,68.0
S376_Q16.csv,68.08
S88_Q18.csv,68.08
S88_Q1.csv,68.08
S91_Q16.csv,68.16
S28_Q23.csv,68.16
S159_Q47.csv,68.24
S92_Q15.csv,68.24
S111_Q10.csv,68.24
S183_Q23.csv,68.24
S30_Q16.csv,68.24
S88_Q15.csv,68.24
S394_Q9.csv,68.32
S9_Q2.csv,68.32
S270_Q18.csv,68.32
S111_Q6.csv,68.4
S394_Q14.csv,68.4
S270_Q47.csv,68.4
S394_Q1.csv,68.4
S394_Q21.csv,68.4
S199_Q20.csv,68.48
S270_Q9.csv,68.48
S175_Q23.csv,68.48
S394_Q23.csv,68.48
S132_Q14.csv,68.48
S159_Q16.csv,68.48
S111_Q7.csv,68.56
S183_Q18.csv,68.56
S170_Q11.csv,68.56
S132_Q10.csv,68.56
S170_Q47.csv,68.56
S394_Q16.csv,68.56
S270_Q15.csv,68.56
S57_Q47.csv,68.64
S244_Q15.csv,68.64
S88_Q16.csv,68.72
S376_Q18.csv,68.72
S28_Q20.csv,68.8
S241_Q47.csv,68.8
S175_Q15.csv,68.8
S111_Q2.csv,68.8
S170_Q1.csv,68.8
S241_Q15.csv,68.88
S29_Q2.csv,68.88
S241_Q13.csv,69.04
S132_Q1.csv,69.04
S156_Q9.csv,69.04
S277_Q2.csv,69.04
S376_Q20.csv,69.04
S376_Q21.csv,69.04
S241_Q20.csv,69.04
S270_Q21.csv,69.04
S270_Q16.csv,69.2
S270_Q20.csv,69.2
S156_Q22.csv,69.28
S156_Q14.csv,69.28
S241_Q18.csv,69.28
S111_Q9.csv,69.28
S29_Q6.csv,69.36
S244_Q23.csv,69.36
S28_Q21.csv,69.36
S241_Q23.csv,69.36
S159_Q18.csv,69.36
S275_Q2.csv,69.44
S156_Q7.csv,69.44
S159_Q20.csv,69.44
S147_Q14.csv,69.44
S131_Q14.csv,69.44
S159_Q15.csv,69.52
S175_Q21.csv,69.52
S156_Q11.csv,69.6
S147_Q2.csv,69.6
S111_Q16.csv,69.68
S91_Q18.csv,69.68
S132_Q47.csv,69.68
S170_Q18.csv,69.76
S29_Q14.csv,69.76
S125_Q15.csv,69.76
S132_Q4.csv,69.84
S29_Q1.csv,69.84
S156_Q18.csv,69.84
S166_Q10.csv,69.92
S162_Q47.csv,69.92
S279_Q2.csv,70.0
S132_Q7.csv,70.0
S29_Q10.csv,70.0
S156_Q23.csv,70.0
S29_Q11.csv,70.08
S175_Q22.csv,70.08
S111_Q4.csv,70.08
S28_Q18.csv,70.16
S125_Q21.csv,70.16
S28_Q15.csv,70.16
S156_Q47.csv,70.16
S111_Q20.csv,70.16
S241_Q21.csv,70.16
S156_Q13.csv,70.24
S111_Q47.csv,70.24
S110_Q2.csv,70.24
S162_Q10.csv,70.32
S162_Q21.csv,70.4
S111_Q13.csv,70.4
S111_Q23.csv,70.48
S88_Q2.csv,70.48
S168_Q6.csv,70.48
S119_Q10.csv,70.48
S394_Q2.csv,70.48
S168_Q22.csv,70.48
S29_Q23.csv,70.56
S174_Q23.csv,70.56
S168_Q9.csv,70.56
S166_Q4.csv,70.56
S162_Q13.csv,70.64
S29_Q13.csv,70.64
S111_Q1.csv,70.64
S244_Q47.csv,70.64
S241_Q16.csv,70.72
S166_Q22.csv,70.72
S168_Q10.csv,70.72
S171_Q9.csv,70.8
S244_Q21.csv,70.8
S183_Q21.csv,70.8
S162_Q15.csv,70.8
S88_Q10.csv,70.8
S168_Q7.csv,70.8
S174_Q6.csv,70.8
S110_Q1.csv,70.8
S111_Q22.csv,70.88
S165_Q6.csv,70.88
S168_Q11.csv,70.88
S162_Q7.csv,70.96
S28_Q16.csv,70.96
S162_Q14.csv,70.96
S170_Q15.csv,70.96
S132_Q23.csv,71.04
S29_Q22.csv,71.04
S132_Q11.csv,71.12
S244_Q18.csv,71.12
S132_Q18.csv,71.12
S162_Q23.csv,71.12
S165_Q10.csv,71.12
S156_Q4.csv,71.12
S132_Q6.csv,71.2
S156_Q2.csv,71.2
S277_Q1.csv,71.28
S166_Q47.csv,71.28
S277_Q22.csv,71.28
S127_Q23.csv,71.28
S166_Q7.csv,71.28
S131_Q11.csv,71.28
S111_Q11.csv,71.36
S244_Q20.csv,71.36
S131_Q10.csv,71.36
S110_Q4.csv,71.36
S183_Q2.csv,71.44
S354_Q10.csv,71.44
S131_Q20.csv,71.44
S131_Q6.csv,71.44
S170_Q21.csv,71.44
S270_Q23.csv,71.44
S184_Q4.csv,71.52
S241_Q2.csv,71.52
S111_Q21.csv,71.52
S171_Q7.csv,71.52
S127_Q22.csv,71.6
S29_Q15.csv,71.6
S277_Q6.csv,71.6
S168_Q47.csv,71.6
S110_Q10.csv,71.6
S121_Q11.csv,71.68
S165_Q22.csv,71.68
S165_Q7.csv,71.68
S111_Q15.csv,71.68
S111_Q14.csv,71.76
S174_Q9.csv,71.76
S166_Q6.csv,71.76
S131_Q9.csv,71.76
S147_Q23.csv,71.76
S166_Q14.csv,71.84
S166_Q13.csv,71.84
S156_Q15.csv,71.84
S156_Q1.csv,71.84
S29_Q4.csv,71.84
S277_Q4.csv,71.84
S127_Q7.csv,71.84
S168_Q23.csv,71.84
S166_Q1.csv,71.84
S168_Q1.csv,71.92
S166_Q2.csv,71.92
S110_Q9.csv,71.92
S166_Q9.csv,72.0
S29_Q47.csv,72.0
S147_Q7.csv,72.0
S131_Q7.csv,72.0
S131_Q1.csv,72.0
S171_Q23.csv,72.0
S132_Q15.csv,72.0
S171_Q4.csv,72.0
S277_Q14.csv,72.08
S165_Q14.csv,72.08
S165_Q4.csv,72.08
S277_Q9.csv,72.08
S171_Q10.csv,72.08
S168_Q4.csv,72.08
S147_Q11.csv,72.16
S132_Q13.csv,72.16
S171_Q16.csv,72.16
S168_Q14.csv,72.16
S165_Q23.csv,72.16
S147_Q6.csv,72.16
S174_Q4.csv,72.16
S279_Q1.csv,72.24
S110_Q22.csv,72.24
S162_Q6.csv,72.24
S147_Q10.csv,72.32
S174_Q7.csv,72.32
S29_Q21.csv,72.32
S147_Q9.csv,72.32
S175_Q6.csv,72.32
S127_Q9.csv,72.4
S131_Q23.csv,72.4
S166_Q23.csv,72.4
S244_Q16.csv,72.4
S244_Q10.csv,72.4
S147_Q13.csv,72.4
S183_Q4.csv,72.4
S156_Q16.csv,72.48
S174_Q11.csv,72.48
S174_Q13.csv,72.48
S279_Q9.csv,72.48
S132_Q22.csv,72.48
S354_Q6.csv,72.48
S127_Q4.csv,72.48
S184_Q13.csv,72.48
S127_Q6.csv,72.48
S168_Q20.csv,72.56
S354_Q22.csv,72.56
S184_Q6.csv,72.56
S111_Q18.csv,72.56
S244_Q9.csv,72.64
S131_Q4.csv,72.64
S165_Q13.csv,72.64
S237_Q10.csv,72.64
S127_Q1.csv,72.64
S168_Q13.csv,72.72
S165_Q1.csv,72.72
S354_Q4.csv,72.72
S162_Q4.csv,72.72
S295_Q22.csv,72.72
S110_Q6.csv,72.8
S175_Q10.csv,72.8
S277_Q13.csv,72.8
S184_Q10.csv,72.88
S165_Q2.csv,72.88
S131_Q22.csv,72.88
S354_Q15.csv,72.96
S171_Q47.csv,72.96
S110_Q13.csv,72.96
S279_Q4.csv,72.96
S156_Q21.csv,72.96
S131_Q13.csv,72.96
S110_Q23.csv,72.96
S162_Q2.csv,73.04
S244_Q2.csv,73.04
S280_Q22.csv,73.04
S162_Q9.csv,73.04
S277_Q16.csv,73.04
S166_Q15.csv,73.04
S184_Q2.csv,73.04
S244_Q6.csv,73.04
S245_Q10.csv,73.04
S76_Q7.csv,73.04
S354_Q11.csv,73.04
S237_Q6.csv,73.12
S147_Q22.csv,73.12
S168_Q21.csv,73.2
S171_Q13.csv,73.2
S174_Q22.csv,73.2
S131_Q47.csv,73.2
S147_Q4.csv,73.2
S29_Q16.csv,73.2
S354_Q20.csv,73.28
S29_Q20.csv,73.28
S165_Q20.csv,73.28
S166_Q20.csv,73.28
S354_Q14.csv,73.36
S354_Q18.csv,73.36
S110_Q14.csv,73.36
S175_Q4.csv,73.44
S166_Q11.csv,73.44
S171_Q2.csv,73.44
S174_Q10.csv,73.52
S127_Q11.csv,73.52
S168_Q16.csv,73.52
S354_Q2.csv,73.52
S237_Q47.csv,73.52
S245_Q22.csv,73.52
S147_Q47.csv,73.52
S76_Q9.csv,73.6
S174_Q21.csv,73.6
S277_Q7.csv,73.6
S295_Q10.csv,73.6
S184_Q1.csv,73.6
S277_Q20.csv,73.68
S354_Q21.csv,73.68
S244_Q14.csv,73.68
S29_Q18.csv,73.68
S184_Q22.csv,73.76
S166_Q18.csv,73.76
S132_Q21.csv,73.76
S165_Q11.csv,73.76
S110_Q47.csv,73.76
S175_Q14.csv,73.76
S184_Q23.csv,73.76
S76_Q6.csv,73.84
S166_Q21.csv,73.84
S174_Q47.csv,73.84
S168_Q15.csv,73.84
S170_Q2.csv,73.84
S354_Q7.csv,73.84
S147_Q16.csv,73.84
S174_Q14.csv,73.92
S279_Q20.csv,73.92
S165_Q9.csv,73.92
S147_Q15.csv,73.92
S244_Q7.csv,73.92
S184_Q9.csv,73.92
S147_Q20.csv,74.0
S165_Q18.csv,74.0
S76_Q10.csv,74.0
S147_Q1.csv,74.08
S76_Q13.csv,74.08
S354_Q1.csv,74.08
S244_Q4.csv,74.08
S162_Q1.csv,74.08
S171_Q11.csv,74.08
S174_Q1.csv,74.16
S277_Q18.csv,74.16
S127_Q15.csv,74.16
S279_Q21.csv,74.16
S277_Q10.csv,74.24
S165_Q47.csv,74.24
S166_Q16.csv,74.24
S295_Q47.csv,74.24
S174_Q20.csv,74.24
S127_Q10.csv,74.24
S279_Q11.csv,74.24
S168_Q2.csv,74.32
S171_Q14.csv,74.32
S171_Q6.csv,74.32
S245_Q16.csv,74.32
S279_Q14.csv,74.32
S77_Q22.csv,74.32
S175_Q7.csv,74.4
S110_Q18.csv,74.4
S76_Q22.csv,74.4
S127_Q13.csv,74.4
S174_Q15.csv,74.4
S170_Q9.csv,74.48
S354_Q13.csv,74.48
S393_Q2.csv,74.56
S26_Q7.csv,74.56
S171_Q15.csv,74.56
S165_Q15.csv,74.56
S175_Q13.csv,74.64
S175_Q1.csv,74.64
S175_Q9.csv,74.64
S127_Q2.csv,74.64
S237_Q4.csv,74.64
S184_Q11.csv,74.64
S393_Q1.csv,74.64
S279_Q15.csv,74.64
S127_Q20.csv,74.72
S237_Q7.csv,74.72
S237_Q14.csv,74.72
S245_Q14.csv,74.72
S171_Q18.csv,74.72
S131_Q18.csv,74.8
S244_Q1.csv,74.8
S147_Q21.csv,74.8
S245_Q23.csv,74.8
S245_Q7.csv,74.88
S131_Q16.csv,74.88
S279_Q6.csv,74.88
S77_Q6.csv,74.88
S171_Q22.csv,74.88
S25_Q7.csv,74.96
S174_Q2.csv,74.96
S245_Q9.csv,74.96
S184_Q7.csv,74.96
S184_Q14.csv,75.04
S175_Q2.csv,75.04
S354_Q9.csv,75.04
S25_Q6.csv,75.04
S237_Q1.csv,75.04
S168_Q18.csv,75.04
S25_Q10.csv,75.12
S53_Q15.csv,75.12
S171_Q20.csv,75.12
S131_Q21.csv,75.2
S237_Q2.csv,75.2
S277_Q11.csv,75.2
S245_Q4.csv,75.2
S77_Q7.csv,75.2
S110_Q15.csv,75.28
S184_Q21.csv,75.36
S127_Q18.csv,75.36
S77_Q10.csv,75.44
S184_Q18.csv,75.44
S277_Q15.csv,75.44
S165_Q21.csv,75.44
S132_Q20.csv,75.52
S389_Q2.csv,75.52
S77_Q2.csv,75.52
S165_Q16.csv,75.52
S171_Q1.csv,75.52
S131_Q15.csv,75.6
S77_Q13.csv,75.6
S184_Q15.csv,75.6
S110_Q21.csv,75.6
S127_Q14.csv,75.6
S244_Q13.csv,75.6
S147_Q18.csv,75.6
S76_Q47.csv,75.68
S279_Q7.csv,75.68
S184_Q16.csv,75.68
S76_Q23.csv,75.68
S174_Q16.csv,75.76
S277_Q47.csv,75.76
S76_Q14.csv,75.76
S279_Q16.csv,75.76
S171_Q21.csv,75.76
S279_Q13.csv,75.76
S245_Q6.csv,75.84
S245_Q13.csv,75.84
S53_Q16.csv,75.84
S279_Q10.csv,75.84
S237_Q11.csv,75.84
S127_Q21.csv,76.0
S26_Q9.csv,76.0
S77_Q11.csv,76.08
S53_Q18.csv,76.08
S170_Q7.csv,76.08
S174_Q18.csv,76.08
S237_Q13.csv,76.08
S77_Q9.csv,76.08
S237_Q22.csv,76.16
S277_Q21.csv,76.16
S127_Q47.csv,76.16
S77_Q14.csv,76.24
S110_Q20.csv,76.24
S183_Q1.csv,76.32
S345_Q10.csv,76.32
S25_Q4.csv,76.4
S76_Q4.csv,76.4
S279_Q22.csv,76.48
S280_Q15.csv,76.48
S110_Q16.csv,76.56
S393_Q9.csv,76.56
S345_Q14.csv,76.56
S360_Q47.csv,76.56
S184_Q20.csv,76.64
S127_Q16.csv,76.64
S237_Q9.csv,76.64
S184_Q47.csv,76.64
S388_Q2.csv,76.72
S131_Q2.csv,76.72
S26_Q2.csv,76.72
S237_Q18.csv,76.8
S333_Q23.csv,76.88
S25_Q9.csv,76.88
S393_Q22.csv,76.96
S53_Q23.csv,76.96
S345_Q13.csv,76.96
S110_Q11.csv,77.04
S119_Q9.csv,77.04
S26_Q6.csv,77.12
S132_Q16.csv,77.2
S77_Q23.csv,77.28
S345_Q6.csv,77.36
S333_Q10.csv,77.36
S333_Q9.csv,77.36
S132_Q2.csv,77.36
S279_Q47.csv,77.44
S237_Q23.csv,77.44
S76_Q1.csv,77.52
S393_Q45.csv,77.52
S388_Q1.csv,77.52
S389_Q10.csv,77.52
S345_Q23.csv,77.52
S245_Q1.csv,77.6
S393_Q23.csv,77.6
S393_Q14.csv,77.6
S345_Q16.csv,77.6
S393_Q6.csv,77.6
S345_Q15.csv,77.6
S76_Q15.csv,77.68
S237_Q20.csv,77.68
S295_Q6.csv,77.68
S77_Q16.csv,77.76
S245_Q47.csv,77.76
S295_Q23.csv,77.76
S279_Q23.csv,77.76
S393_Q47.csv,77.76
S271_Q7.csv,77.84
S393_Q11.csv,77.84
S77_Q15.csv,77.84
S393_Q7.csv,77.84
S345_Q11.csv,77.92
S388_Q45.csv,78.0
S333_Q2.csv,78.0
S25_Q1.csv,78.0
S271_Q4.csv,78.0
S292_Q13.csv,78.0
S393_Q20.csv,78.0
S393_Q4.csv,78.0
S388_Q21.csv,78.0
S345_Q21.csv,78.08
S245_Q21.csv,78.08
S334_Q7.csv,78.08
S245_Q11.csv,78.08
S345_Q47.csv,78.08
S295_Q7.csv,78.08
S393_Q21.csv,78.16
S77_Q4.csv,78.16
S76_Q11.csv,78.24
S26_Q14.csv,78.24
S25_Q20.csv,78.24
S119_Q4.csv,78.32
S119_Q2.csv,78.32
S26_Q1.csv,78.32
S295_Q2.csv,78.32
S156_Q20.csv,78.32
S389_Q7.csv,78.32
S389_Q14.csv,78.4
S77_Q1.csv,78.4
S237_Q16.csv,78.48
S25_Q22.csv,78.48
S26_Q10.csv,78.56
S334_Q1.csv,78.56
S119_Q1.csv,78.56
S389_Q45.csv,78.56
S345_Q18.csv,78.56
S77_Q20.csv,78.56
S245_Q18.csv,78.56
S245_Q20.csv,78.56
S393_Q15.csv,78.64
S393_Q16.csv,78.64
S27_Q22.csv,78.72
S345_Q20.csv,78.72
S119_Q23.csv,78.72
S119_Q7.csv,78.72
S334_Q6.csv,78.8
S25_Q13.csv,78.8
S119_Q6.csv,78.8
S237_Q21.csv,78.88
S25_Q23.csv,78.88
S393_Q18.csv,78.88
S389_Q47.csv,78.88
S393_Q13.csv,78.88
S389_Q1.csv,78.96
S393_Q10.csv,78.96
S334_Q9.csv,78.96
S333_Q13.csv,79.04
S389_Q4.csv,79.04
S119_Q22.csv,79.12
S389_Q22.csv,79.12
S333_Q21.csv,79.12
S245_Q15.csv,79.12
S119_Q14.csv,79.12
S345_Q22.csv,79.12
S119_Q13.csv,79.2
S119_Q11.csv,79.2
S388_Q9.csv,79.2
S26_Q13.csv,79.2
S119_Q21.csv,79.2
S389_Q6.csv,79.2
S389_Q18.csv,79.28
S333_Q20.csv,79.28
S388_Q22.csv,79.28
S334_Q13.csv,79.28
S333_Q1.csv,79.28
S333_Q4.csv,79.36
S388_Q14.csv,79.36
S334_Q10.csv,79.36
S53_Q20.csv,79.36
S389_Q23.csv,79.36
S334_Q23.csv,79.44
S388_Q13.csv,79.44
S334_Q4.csv,79.44
S388_Q7.csv,79.52
S388_Q6.csv,79.52
S388_Q11.csv,79.52
S345_Q4.csv,79.52
S334_Q18.csv,79.52
S388_Q47.csv,79.52
S334_Q22.csv,79.6
S77_Q21.csv,79.6
S333_Q47.csv,79.6
S271_Q22.csv,79.6
S388_Q16.csv,79.6
S333_Q15.csv,79.6
S334_Q2.csv,79.68
S333_Q18.csv,79.68
S26_Q11.csv,79.68
S333_Q22.csv,79.68
S334_Q14.csv,79.68
S334_Q11.csv,79.68
S76_Q2.csv,79.68
S334_Q47.csv,79.76
S334_Q21.csv,79.76
S333_Q14.csv,79.76
S389_Q11.csv,79.76
S271_Q11.csv,79.76
S333_Q6.csv,79.76
S389_Q15.csv,79.76
S388_Q10.csv,79.84
S389_Q21.csv,79.84
S334_Q20.csv,79.84
S333_Q7.csv,79.84
S388_Q23.csv,79.84
S25_Q11.csv,79.92
S53_Q13.csv,79.92
S389_Q9.csv,79.92
S391_Q22.csv,80.0
S388_Q20.csv,80.0
S391_Q10.csv,80.0
S388_Q18.csv,80.08
S119_Q15.csv,80.08
S388_Q15.csv,80.08
S271_Q6.csv,80.08
S387_Q6.csv,80.16
S237_Q15.csv,80.24
S387_Q9.csv,80.24
S25_Q16.csv,80.24
S389_Q16.csv,80.24
S295_Q16.csv,80.32
S292_Q9.csv,80.4
S295_Q1.csv,80.4
S354_Q47.csv,80.48
S295_Q13.csv,80.56
S26_Q23.csv,80.56
S76_Q20.csv,80.56
S391_Q6.csv,80.56
S295_Q14.csv,80.56
S292_Q10.csv,80.64
S334_Q15.csv,80.64
S280_Q9.csv,80.72
S391_Q13.csv,80.72
S388_Q4.csv,80.72
S280_Q16.csv,80.72
S280_Q18.csv,80.72
S387_Q14.csv,80.72
S76_Q16.csv,80.72
S391_Q4.csv,80.72
S387_Q2.csv,80.72
S334_Q16.csv,80.72
S391_Q7.csv,80.72
S76_Q18.csv,80.72
S387_Q7.csv,80.72
S280_Q6.csv,80.8
S391_Q45.csv,80.8
S387_Q10.csv,80.8
S295_Q20.csv,80.8
S25_Q2.csv,80.88
S295_Q11.csv,80.88
S391_Q15.csv,80.88
S26_Q47.csv,80.88
S389_Q20.csv,80.88
S53_Q22.csv,80.88
S26_Q22.csv,80.88
S391_Q14.csv,80.88
S25_Q18.csv,80.88
S345_Q1.csv,80.96
S280_Q14.csv,80.96
S76_Q21.csv,80.96
S333_Q16.csv,80.96
S345_Q2.csv,80.96
S387_Q13.csv,81.04
S119_Q20.csv,81.04
S77_Q18.csv,81.04
S387_Q45.csv,81.04
S391_Q9.csv,81.04
S292_Q14.csv,81.04
S345_Q9.csv,81.04
S280_Q4.csv,81.12
S295_Q18.csv,81.12
S391_Q23.csv,81.12
S280_Q20.csv,81.12
S346_Q2.csv,81.12
S280_Q13.csv,81.2
S292_Q7.csv,81.2
S280_Q11.csv,81.2
S387_Q11.csv,81.2
S292_Q20.csv,81.28
S387_Q23.csv,81.28
S256_Q7.csv,81.28
S271_Q10.csv,81.28
S387_Q15.csv,81.28
S387_Q22.csv,81.28
S387_Q4.csv,81.28
S389_Q13.csv,81.28
S25_Q14.csv,81.28
S256_Q4.csv,81.36
S280_Q7.csv,81.36
S25_Q47.csv,81.36
S280_Q1.csv,81.44
S333_Q11.csv,81.44
S295_Q9.csv,81.44
S279_Q18.csv,81.44
S387_Q18.csv,81.44
S346_Q6.csv,81.44
S280_Q21.csv,81.52
S391_Q21.csv,81.6
S26_Q21.csv,81.6
S391_Q11.csv,81.6
S271_Q13.csv,81.6
S391_Q1.csv,81.6
S280_Q47.csv,81.68
S271_Q47.csv,81.68
S292_Q11.csv,81.76
S391_Q16.csv,81.76
S27_Q4.csv,81.76
S387_Q16.csv,81.76
S387_Q47.csv,81.76
S280_Q23.csv,81.84
S280_Q2.csv,81.92
S292_Q18.csv,81.92
S292_Q21.csv,81.92
S295_Q4.csv,82.0
S53_Q11.csv,82.08
S346_Q22.csv,82.08
S26_Q15.csv,82.08
S271_Q23.csv,82.16
S346_Q10.csv,82.16
S391_Q18.csv,82.16
S391_Q20.csv,82.24
S292_Q6.csv,82.24
S27_Q9.csv,82.32
S26_Q20.csv,82.32
S27_Q7.csv,82.4
S292_Q4.csv,82.4
S345_Q7.csv,82.48
S119_Q18.csv,82.48
S292_Q15.csv,82.48
S256_Q10.csv,82.48
S25_Q21.csv,82.56
S256_Q2.csv,82.56
S25_Q15.csv,82.56
S54_Q15.csv,82.56
S292_Q1.csv,82.64
S295_Q21.csv,82.64
S387_Q20.csv,82.64
S271_Q14.csv,82.72
S346_Q14.csv,82.72
S346_Q23.csv,82.72
S26_Q4.csv,82.8
S256_Q6.csv,82.8
S391_Q47.csv,82.8
S119_Q16.csv,82.88
S387_Q21.csv,82.96
S53_Q47.csv,83.04
S245_Q2.csv,83.04
S26_Q18.csv,83.04
S256_Q9.csv,83.12
S119_Q47.csv,83.28
S263_Q2.csv,83.28
S346_Q4.csv,83.28
S292_Q2.csv,83.28
S346_Q7.csv,83.44
S387_Q1.csv,83.44
S356_Q2.csv,83.6
S222_Q18.csv,83.6
S49_Q10.csv,83.6
S346_Q13.csv,83.6
S256_Q11.csv,83.6
S256_Q13.csv,83.6
S164_Q9.csv,83.6
S256_Q1.csv,83.68
S271_Q9.csv,83.68
S292_Q16.csv,83.68
S27_Q15.csv,83.76
S53_Q21.csv,83.84
S271_Q15.csv,83.92
S271_Q21.csv,83.92
S346_Q1.csv,83.92
S256_Q14.csv,84.0
S271_Q18.csv,84.0
S356_Q47.csv,84.16
S337_Q1.csv,84.16
S53_Q7.csv,84.24
S271_Q16.csv,84.32
S263_Q10.csv,84.32
S271_Q20.csv,84.32
S27_Q11.csv,84.48
S295_Q15.csv,84.48
S357_Q2.csv,84.48
S346_Q11.csv,84.56
S263_Q11.csv,84.56
S263_Q6.csv,84.64
S53_Q14.csv,84.64
S346_Q9.csv,84.72
S338_Q16.csv,84.72
S263_Q20.csv,84.72
S338_Q9.csv,84.8
S49_Q13.csv,84.8
S356_Q23.csv,84.8
S292_Q22.csv,84.88
S263_Q9.csv,84.88
S256_Q15.csv,84.88
S263_Q16.csv,84.96
S357_Q1.csv,85.04
S256_Q23.csv,85.04
S53_Q4.csv,85.04
S164_Q11.csv,85.04
S263_Q47.csv,85.2
S350_Q23.csv,85.28
S357_Q13.csv,85.36
S285_Q16.csv,85.44
S285_Q7.csv,85.44
S270_Q2.csv,85.44
S27_Q6.csv,85.44
S54_Q11.csv,85.52
S330_Q7.csv,85.52
S357_Q4.csv,85.52
S256_Q18.csv,85.6
S337_Q14.csv,85.6
S26_Q16.csv,85.6
S357_Q6.csv,85.6
S80_Q13.csv,85.6
S285_Q22.csv,85.68
S263_Q21.csv,85.68
S80_Q15.csv,85.68
S356_Q22.csv,85.68
S263_Q18.csv,85.68
S53_Q1.csv,85.68
S356_Q15.csv,85.76
S285_Q6.csv,85.76
S357_Q7.csv,85.76
S337_Q10.csv,85.76
S54_Q13.csv,85.84
S263_Q7.csv,85.84
S346_Q16.csv,85.84
S53_Q6.csv,85.84
S357_Q21.csv,85.84
S346_Q21.csv,85.84
S357_Q20.csv,85.92
S330_Q2.csv,85.92
S256_Q22.csv,86.0
S356_Q20.csv,86.0
S330_Q9.csv,86.0
S357_Q9.csv,86.08
S53_Q9.csv,86.08
S256_Q20.csv,86.08
S263_Q15.csv,86.16
S357_Q14.csv,86.16
S327_Q7.csv,86.16
S27_Q1.csv,86.16
S80_Q23.csv,86.24
S285_Q10.csv,86.32
S330_Q6.csv,86.32
S285_Q14.csv,86.4
S330_Q47.csv,86.4
S49_Q9.csv,86.48
S348_Q23.csv,86.48
S357_Q15.csv,86.48
S330_Q22.csv,86.56
S338_Q20.csv,86.56
S49_Q18.csv,86.56
S337_Q6.csv,86.56
S330_Q11.csv,86.56
S357_Q47.csv,86.56
S49_Q6.csv,86.64
S337_Q7.csv,86.64
S263_Q1.csv,86.72
S53_Q10.csv,86.72
S285_Q9.csv,86.72
S330_Q18.csv,86.72
S256_Q47.csv,86.72
S263_Q4.csv,86.72
S54_Q18.csv,86.72
S285_Q2.csv,86.8
S356_Q16.csv,86.8
S356_Q9.csv,86.8
S354_Q16.csv,86.8
S338_Q13.csv,86.88
S330_Q15.csv,86.88
S285_Q1.csv,86.88
S80_Q6.csv,86.88
S296_Q10.csv,86.96
S337_Q18.csv,86.96
S338_Q21.csv,86.96
S285_Q15.csv,86.96
S337_Q13.csv,87.04
S49_Q7.csv,87.04
S285_Q23.csv,87.04
S296_Q13.csv,87.04
S49_Q14.csv,87.04
S357_Q10.csv,87.04
S285_Q20.csv,87.12
S285_Q47.csv,87.12
S357_Q16.csv,87.2
S330_Q4.csv,87.2
S356_Q7.csv,87.2
S285_Q13.csv,87.2
S256_Q16.csv,87.28
S337_Q20.csv,87.28
S337_Q21.csv,87.36
S80_Q16.csv,87.44
S292_Q47.csv,87.44
S296_Q47.csv,87.44
S330_Q1.csv,87.44
S263_Q13.csv,87.44
S77_Q47.csv,87.52
S27_Q13.csv,87.52
S330_Q10.csv,87.52
S356_Q1.csv,87.6
S356_Q21.csv,87.6
S356_Q14.csv,87.6
S356_Q6.csv,87.68
S357_Q23.csv,87.68
S212_Q2.csv,87.68
S49_Q22.csv,87.76
S27_Q21.csv,87.76
S49_Q1.csv,87.76
S330_Q13.csv,87.84
S330_Q16.csv,87.84
S357_Q22.csv,87.84
S80_Q21.csv,87.92
S80_Q47.csv,87.92
S330_Q20.csv,87.92
S337_Q16.csv,87.92
S356_Q13.csv,87.92
S330_Q21.csv,88.0
S348_Q15.csv,88.08
S256_Q21.csv,88.08
S285_Q18.csv,88.16
S80_Q22.csv,88.16
S296_Q1.csv,88.16
S292_Q23.csv,88.24
S327_Q15.csv,88.24
S80_Q1.csv,88.24
S338_Q1.csv,88.24
S296_Q7.csv,88.24
S49_Q23.csv,88.24
S53_Q2.csv,88.24
S346_Q18.csv,88.32
S27_Q14.csv,88.32
S327_Q10.csv,88.32
S296_Q6.csv,88.32
S246_Q47.csv,88.32
S346_Q47.csv,88.32
S285_Q11.csv,88.4
S357_Q18.csv,88.4
S330_Q14.csv,88.48
S49_Q16.csv,88.48
S338_Q11.csv,88.48
S330_Q23.csv,88.56
S54_Q6.csv,88.56
S263_Q23.csv,88.56
S49_Q11.csv,88.56
S263_Q14.csv,88.64
S356_Q11.csv,88.64
S338_Q18.csv,88.64
S246_Q7.csv,88.72
S27_Q20.csv,88.72
S49_Q21.csv,88.72
S49_Q20.csv,88.72
S338_Q14.csv,88.8
S338_Q6.csv,88.8
S338_Q10.csv,88.88
S263_Q22.csv,88.88
S49_Q47.csv,88.96
S54_Q20.csv,89.04
S357_Q11.csv,89.04
S49_Q15.csv,89.04
S337_Q23.csv,89.04
S285_Q4.csv,89.04
S338_Q15.csv,89.12
S80_Q7.csv,89.12
S338_Q47.csv,89.2
S296_Q9.csv,89.2
S27_Q10.csv,89.2
S205_Q6.csv,89.2
S337_Q15.csv,89.28
S358_Q23.csv,89.28
S246_Q22.csv,89.28
S80_Q10.csv,89.28
S80_Q2.csv,89.28
S27_Q2.csv,89.36
S80_Q4.csv,89.36
S354_Q23.csv,89.36
S347_Q18.csv,89.44
S27_Q18.csv,89.44
S358_Q21.csv,89.52
S80_Q18.csv,89.6
S80_Q9.csv,89.6
S285_Q21.csv,89.6
S338_Q7.csv,89.6
S348_Q10.csv,89.6
S80_Q11.csv,89.68
S358_Q14.csv,89.68
S80_Q14.csv,89.76
S49_Q4.csv,89.84
S163_Q4.csv,89.84
S358_Q11.csv,89.84
S338_Q2.csv,89.84
S56_Q13.csv,89.92
S296_Q14.csv,89.92
S27_Q23.csv,90.0
S138_Q7.csv,90.0
S358_Q16.csv,90.08
S327_Q47.csv,90.08
S358_Q9.csv,90.08
S37_Q11.csv,90.16
S327_Q11.csv,90.24
S27_Q16.csv,90.32
S222_Q20.csv,90.4
S246_Q4.csv,90.48
S327_Q2.csv,90.64
S338_Q22.csv,90.72
S296_Q15.csv,90.88
S246_Q9.csv,90.96
S38_Q9.csv,91.04
S327_Q20.csv,91.12
S327_Q21.csv,91.12
S37_Q7.csv,91.12
S337_Q2.csv,91.28
S327_Q16.csv,91.28
S347_Q1.csv,91.28
S347_Q22.csv,91.28
S296_Q11.csv,91.28
S358_Q2.csv,91.28
S358_Q47.csv,91.28
S356_Q4.csv,91.28
S246_Q10.csv,91.36
S358_Q18.csv,91.36
S327_Q22.csv,91.36
S38_Q22.csv,91.44
S338_Q4.csv,91.52
S327_Q1.csv,91.6
S337_Q47.csv,91.6
S296_Q18.csv,91.68
S347_Q13.csv,91.68
S327_Q9.csv,91.76
S337_Q4.csv,91.76
S205_Q9.csv,91.76
S358_Q7.csv,91.84
S347_Q21.csv,91.92
S338_Q23.csv,91.92
S327_Q23.csv,92.0
S347_Q7.csv,92.0
S404_Q47.csv,92.08
S358_Q1.csv,92.08
S246_Q20.csv,92.16
S327_Q18.csv,92.16
S337_Q11.csv,92.24
S327_Q6.csv,92.24
S296_Q2.csv,92.24
S54_Q1.csv,92.32
S38_Q13.csv,92.32
S358_Q13.csv,92.32
S54_Q2.csv,92.4
S246_Q15.csv,92.4
S358_Q15.csv,92.4
S246_Q23.csv,92.48
S347_Q20.csv,92.56
S347_Q15.csv,92.56
S296_Q23.csv,92.56
S356_Q18.csv,92.56
S38_Q23.csv,92.64
S296_Q4.csv,92.64
S38_Q7.csv,92.64
S296_Q20.csv,92.64
S358_Q22.csv,92.64
S326_Q4.csv,92.64
S358_Q20.csv,92.64
S38_Q2.csv,92.72
S327_Q4.csv,92.72
S296_Q21.csv,92.72
S271_Q2.csv,92.8
S37_Q1.csv,92.8
S347_Q23.csv,92.8
S347_Q2.csv,92.8
S136_Q6.csv,92.8
S38_Q16.csv,92.88
S246_Q16.csv,92.88
S327_Q13.csv,92.88
S164_Q10.csv,92.96
S296_Q22.csv,93.04
S136_Q7.csv,93.04
S348_Q14.csv,93.04
S326_Q20.csv,93.12
S38_Q6.csv,93.12
S348_Q2.csv,93.12
S164_Q6.csv,93.2
S327_Q14.csv,93.2
S358_Q10.csv,93.28
S347_Q16.csv,93.28
S138_Q14.csv,93.28
S347_Q14.csv,93.36
S210_Q7.csv,93.36
S48_Q7.csv,93.44
S350_Q11.csv,93.44
S48_Q10.csv,93.52
S139_Q6.csv,93.52
S274_Q23.csv,93.52
S347_Q6.csv,93.52
S138_Q6.csv,93.52
S80_Q20.csv,93.6
S413_Q14.csv,93.6
S404_Q13.csv,93.6
S277_Q23.csv,93.68
S37_Q2.csv,93.68
S311_Q14.csv,93.68
S38_Q4.csv,93.68
S293_Q22.csv,93.76
S350_Q2.csv,93.76
S38_Q1.csv,93.84
S136_Q10.csv,93.84
S311_Q13.csv,93.84
S38_Q11.csv,93.84
S38_Q10.csv,93.92
S138_Q4.csv,93.92
S205_Q10.csv,93.92
S257_Q14.csv,93.92
S205_Q4.csv,94.0
S284_Q10.csv,94.0
S139_Q4.csv,94.08
S136_Q9.csv,94.16
S138_Q9.csv,94.16
S136_Q23.csv,94.16
S144_Q47.csv,94.24
S37_Q14.csv,94.24
S136_Q14.csv,94.24
S37_Q9.csv,94.24
S347_Q9.csv,94.24
S346_Q20.csv,94.32
S311_Q15.csv,94.32
S311_Q22.csv,94.4
S246_Q11.csv,94.4
S274_Q10.csv,94.4
S296_Q16.csv,94.4
S293_Q16.csv,94.48
S404_Q4.csv,94.48
S139_Q2.csv,94.56
S138_Q23.csv,94.56
S326_Q1.csv,94.64
S347_Q11.csv,94.64
S210_Q20.csv,94.64
S311_Q4.csv,94.64
S358_Q6.csv,94.72
S210_Q14.csv,94.72
S163_Q10.csv,94.72
S164_Q14.csv,94.72
S48_Q9.csv,94.72
S311_Q2.csv,94.8
S293_Q20.csv,94.8
S136_Q4.csv,94.88
S311_Q21.csv,94.88
S38_Q18.csv,94.88
S391_Q2.csv,94.96
S311_Q10.csv,94.96
S136_Q2.csv,95.04
S358_Q4.csv,95.04
S138_Q10.csv,95.04
S136_Q11.csv,95.04
S311_Q7.csv,95.04
S37_Q6.csv,95.04
S136_Q22.csv,95.12
S48_Q21.csv,95.12
S157_Q1.csv,95.2
S347_Q4.csv,95.2
S11_Q2.csv,95.2
S48_Q13.csv,95.2
S284_Q2.csv,95.2
S163_Q9.csv,95.2
S163_Q1.csv,95.2
S56_Q2.csv,95.2
S274_Q1.csv,95.2
S293_Q47.csv,95.2
S44_Q4.csv,95.2
S37_Q15.csv,95.28
S38_Q14.csv,95.28
S139_Q20.csv,95.28
S38_Q47.csv,95.28
S284_Q18.csv,95.28
S350_Q7.csv,95.28
S54_Q7.csv,95.28
S164_Q7.csv,95.28
S37_Q4.csv,95.28
S48_Q6.csv,95.36
S11_Q9.csv,95.36
S11_Q6.csv,95.36
S54_Q14.csv,95.36
S54_Q4.csv,95.36
S293_Q7.csv,95.44
S274_Q20.csv,95.44
S284_Q1.csv,95.44
S337_Q22.csv,95.44
S38_Q20.csv,95.44
S404_Q6.csv,95.44
S138_Q20.csv,95.44
S346_Q15.csv,95.44
S11_Q23.csv,95.52
S284_Q15.csv,95.52
S350_Q10.csv,95.52
S311_Q1.csv,95.52
S138_Q1.csv,95.52
S38_Q15.csv,95.6
S37_Q10.csv,95.6
S350_Q47.csv,95.6
S139_Q47.csv,95.68
S293_Q14.csv,95.68
S404_Q21.csv,95.68
S138_Q18.csv,95.68
S284_Q6.csv,95.68
S11_Q10.csv,95.68
S274_Q14.csv,95.76
S293_Q13.csv,95.76
S293_Q23.csv,95.76
S404_Q16.csv,95.76
S350_Q22.csv,95.76
S284_Q7.csv,95.76
S54_Q10.csv,95.84
S209_Q2.csv,95.84
S293_Q6.csv,95.84
S205_Q1.csv,95.84
S293_Q21.csv,95.92
S163_Q22.csv,95.92
S311_Q47.csv,95.92
S326_Q18.csv,95.92
S284_Q22.csv,95.92
S11_Q7.csv,95.92
S404_Q1.csv,95.92
S350_Q15.csv,95.92
S163_Q6.csv,96.0
S347_Q47.csv,96.0
S326_Q21.csv,96.0
S139_Q14.csv,96.0
S210_Q10.csv,96.08
S326_Q16.csv,96.08
S11_Q20.csv,96.08
S326_Q7.csv,96.16
S311_Q11.csv,96.16
S54_Q16.csv,96.16
S347_Q10.csv,96.16
S293_Q18.csv,96.16
S164_Q16.csv,96.24
S326_Q9.csv,96.24
S274_Q22.csv,96.24
S164_Q13.csv,96.24
S11_Q47.csv,96.32
S136_Q1.csv,96.32
S350_Q18.csv,96.4
S274_Q47.csv,96.48
S136_Q13.csv,96.48
S139_Q10.csv,96.56
S293_Q1.csv,96.56
S349_Q10.csv,96.56
S326_Q11.csv,96.56
S209_Q6.csv,96.56
S54_Q47.csv,96.56
S404_Q14.csv,96.56
S311_Q18.csv,96.56
S136_Q47.csv,96.64
S163_Q14.csv,96.64
S210_Q11.csv,96.72
S222_Q16.csv,96.8
S350_Q21.csv,96.8
S206_Q9.csv,96.8
S37_Q23.csv,96.8
S404_Q18.csv,96.8
S284_Q9.csv,96.8
S138_Q21.csv,96.88
S293_Q10.csv,96.88
S274_Q13.csv,96.88
S11_Q22.csv,96.88
S136_Q15.csv,96.88
S350_Q16.csv,96.88
S274_Q18.csv,96.96
S11_Q14.csv,97.04
S311_Q16.csv,97.04
S350_Q6.csv,97.04
S404_Q11.csv,97.04
S202_Q4.csv,97.12
S404_Q23.csv,97.12
S54_Q21.csv,97.12
S37_Q13.csv,97.12
S326_Q6.csv,97.12
S164_Q23.csv,97.2
S326_Q15.csv,97.2
S257_Q7.csv,97.2
S48_Q22.csv,97.2
S350_Q13.csv,97.28
S37_Q18.csv,97.28
S11_Q13.csv,97.28
S133_Q47.csv,97.28
S138_Q13.csv,97.36
S38_Q21.csv,97.36
S404_Q7.csv,97.36
S404_Q45.csv,97.36
S404_Q22.csv,97.36
S274_Q15.csv,97.36
S44_Q1.csv,97.36
S164_Q47.csv,97.36
S207_Q13.csv,97.44
S138_Q2.csv,97.44
S348_Q47.csv,97.44
S221_Q7.csv,97.52
S311_Q6.csv,97.52
S350_Q9.csv,97.52
S205_Q7.csv,97.52
S11_Q18.csv,97.52
S337_Q9.csv,97.52
S136_Q16.csv,97.6
S163_Q2.csv,97.6
S293_Q9.csv,97.6
S12_Q20.csv,97.68
S284_Q16.csv,97.68
S257_Q9.csv,97.68
S404_Q10.csv,97.68
S326_Q23.csv,97.68
S284_Q14.csv,97.68
S293_Q4.csv,97.68
S48_Q14.csv,97.84
S284_Q4.csv,97.84
S157_Q4.csv,97.84
S284_Q21.csv,97.84
S12_Q6.csv,97.84
S12_Q47.csv,97.84
S404_Q15.csv,97.92
S274_Q7.csv,97.92
S404_Q20.csv,97.92
S136_Q18.csv,98.0
S293_Q15.csv,98.0
S284_Q13.csv,98.0
S12_Q9.csv,98.08
S12_Q1.csv,98.08
S202_Q6.csv,98.08
S54_Q9.csv,98.16
S163_Q7.csv,98.16
S210_Q16.csv,98.16
S136_Q20.csv,98.16
S326_Q22.csv,98.16
S257_Q6.csv,98.16
S164_Q20.csv,98.16
S163_Q23.csv,98.16
S133_Q13.csv,98.16
S284_Q23.csv,98.16
S204_Q13.csv,98.24
S39_Q14.csv,98.24
S136_Q21.csv,98.32
S39_Q11.csv,98.32
S12_Q13.csv,98.32
S163_Q15.csv,98.4
S12_Q7.csv,98.48
S257_Q10.csv,98.48
S11_Q1.csv,98.48
S204_Q2.csv,98.48
S138_Q16.csv,98.56
S284_Q47.csv,98.56
S202_Q10.csv,98.56
S11_Q21.csv,98.64
S350_Q20.csv,98.64
S37_Q21.csv,98.64
S311_Q23.csv,98.64
S12_Q2.csv,98.72
S37_Q20.csv,98.72
S350_Q14.csv,98.72
S54_Q22.csv,98.72
S164_Q18.csv,98.72
S164_Q21.csv,98.72
S210_Q13.csv,98.72
S284_Q20.csv,98.72
S210_Q4.csv,98.8
S163_Q13.csv,98.8
S12_Q11.csv,98.88
S210_Q9.csv,98.88
S404_Q9.csv,98.88
S349_Q16.csv,98.88
S351_Q4.csv,98.88
S11_Q16.csv,98.96
S293_Q11.csv,98.96
S48_Q16.csv,98.96
S124_Q23.csv,99.04
S205_Q2.csv,99.04
S39_Q22.csv,99.04
S202_Q9.csv,99.12
S139_Q21.csv,99.12
S212_Q7.csv,99.12
S133_Q10.csv,99.12
S37_Q16.csv,99.12
S351_Q7.csv,99.2
S326_Q10.csv,99.2
S246_Q14.csv,99.2
S351_Q1.csv,99.2
S37_Q22.csv,99.2
S12_Q10.csv,99.2
S311_Q9.csv,99.2
S209_Q4.csv,99.28
S39_Q7.csv,99.28
S207_Q9.csv,99.28
S286_Q4.csv,99.28
S12_Q16.csv,99.28
S39_Q15.csv,99.28
S210_Q2.csv,99.28
S204_Q1.csv,99.36
S11_Q15.csv,99.36
S157_Q2.csv,99.44
S157_Q6.csv,99.44
S12_Q4.csv,99.44
S274_Q4.csv,99.52
S39_Q9.csv,99.52
S39_Q47.csv,99.6
S139_Q11.csv,99.6
S326_Q47.csv,99.68
S212_Q11.csv,99.68
S206_Q22.csv,99.68
S246_Q6.csv,99.76
S11_Q11.csv,99.76
S210_Q1.csv,99.76
S212_Q14.csv,99.84
S11_Q4.csv,99.84
S48_Q20.csv,99.84
S209_Q9.csv,99.84
S164_Q15.csv,99.84
S257_Q21.csv,99.84
S286_Q1.csv,99.84
S206_Q7.csv,99.92
S204_Q4.csv,99.92
S202_Q14.csv,99.92
S209_Q7.csv,99.92
S232_Q20.csv,99.92
S39_Q16.csv,100.0
S206_Q11.csv,100.08
S203_Q10.csv,100.08
S12_Q22.csv,100.08
S326_Q13.csv,100.08
S12_Q15.csv,100.16
S349_Q13.csv,100.16
S204_Q10.csv,100.16
S124_Q10.csv,100.16
S257_Q13.csv,100.16
S202_Q23.csv,100.16
S257_Q4.csv,100.16
S163_Q21.csv,100.16
S257_Q47.csv,100.16
S138_Q15.csv,100.16
S39_Q13.csv,100.24
S157_Q13.csv,100.24
S48_Q15.csv,100.24
S326_Q2.csv,100.24
S274_Q9.csv,100.32
S44_Q2.csv,100.32
S212_Q9.csv,100.32
S202_Q13.csv,100.32
S212_Q6.csv,100.4
S54_Q23.csv,100.4
S39_Q6.csv,100.4
S124_Q6.csv,100.4
S44_Q13.csv,100.4
S203_Q4.csv,100.48
S164_Q22.csv,100.48
S212_Q1.csv,100.48
S213_Q6.csv,100.48
S323_Q47.csv,100.48
S351_Q9.csv,100.56
S206_Q14.csv,100.56
S257_Q2.csv,100.56
S39_Q10.csv,100.56
S222_Q47.csv,100.56
S229_Q1.csv,100.56
S257_Q18.csv,100.64
S206_Q10.csv,100.64
S209_Q23.csv,100.64
S121_Q1.csv,100.64
S203_Q9.csv,100.64
S202_Q1.csv,100.64
S48_Q11.csv,100.72
S210_Q22.csv,100.72
S348_Q7.csv,100.72
S207_Q14.csv,100.72
S163_Q20.csv,100.72
S133_Q22.csv,100.72
S12_Q14.csv,100.72
S326_Q14.csv,100.8
S39_Q21.csv,100.8
S349_Q22.csv,100.8
S213_Q22.csv,100.8
S139_Q16.csv,100.8
S207_Q23.csv,100.88
S246_Q18.csv,100.88
S348_Q13.csv,100.88
S12_Q18.csv,100.88
S257_Q1.csv,100.88
S348_Q18.csv,100.96
S203_Q6.csv,100.96
S72_Q23.csv,101.04
S157_Q23.csv,101.04
S212_Q13.csv,101.04
S246_Q13.csv,101.04
S232_Q10.csv,101.04
S204_Q6.csv,101.04
S351_Q22.csv,101.12
S122_Q10.csv,101.12
S212_Q10.csv,101.12
S163_Q16.csv,101.12
S207_Q4.csv,101.12
S207_Q11.csv,101.12
S351_Q10.csv,101.12
S336_Q23.csv,101.12
S203_Q14.csv,101.2
S44_Q10.csv,101.2
S124_Q14.csv,101.2
S284_Q11.csv,101.2
S349_Q14.csv,101.28
S207_Q47.csv,101.28
S203_Q20.csv,101.28
S124_Q9.csv,101.28
S157_Q11.csv,101.28
S72_Q47.csv,101.36
S202_Q2.csv,101.36
S221_Q10.csv,101.36
S44_Q18.csv,101.44
S44_Q14.csv,101.44
S221_Q16.csv,101.44
S122_Q9.csv,101.44
S221_Q4.csv,101.44
S209_Q13.csv,101.44
S124_Q20.csv,101.52
S206_Q15.csv,101.52
S274_Q16.csv,101.52
S204_Q9.csv,101.52
S207_Q6.csv,101.52
S39_Q18.csv,101.52
S257_Q15.csv,101.52
S117_Q10.csv,101.52
S121_Q13.csv,101.52
S157_Q10.csv,101.52
S39_Q2.csv,101.6
S213_Q20.csv,101.6
S39_Q1.csv,101.6
S246_Q21.csv,101.6
S351_Q20.csv,101.6
S350_Q4.csv,101.6
S311_Q20.csv,101.6
S157_Q18.csv,101.6
S192_Q9.csv,101.68
S221_Q22.csv,101.68
S209_Q22.csv,101.76
S207_Q7.csv,101.76
S204_Q7.csv,101.84
S44_Q6.csv,101.84
S157_Q7.csv,101.84
S124_Q22.csv,101.92
S44_Q21.csv,101.92
S204_Q21.csv,101.92
S323_Q22.csv,101.92
S44_Q23.csv,101.92
S72_Q13.csv,101.92
S72_Q4.csv,102.0
S203_Q21.csv,102.0
S124_Q15.csv,102.0
S207_Q21.csv,102.0
S274_Q6.csv,102.0
S44_Q22.csv,102.08
S323_Q15.csv,102.08
S212_Q21.csv,102.08
S257_Q23.csv,102.08
S196_Q1.csv,102.08
S212_Q23.csv,102.08
S124_Q13.csv,102.16
S157_Q16.csv,102.16
S209_Q1.csv,102.16
S157_Q15.csv,102.16
S221_Q2.csv,102.24
S221_Q15.csv,102.24
S163_Q47.csv,102.24
S202_Q7.csv,102.24
S209_Q14.csv,102.24
S349_Q6.csv,102.24
S210_Q23.csv,102.32
S44_Q16.csv,102.32
S206_Q47.csv,102.32
S72_Q7.csv,102.32
S202_Q22.csv,102.32
S207_Q20.csv,102.32
S192_Q6.csv,102.4
S210_Q15.csv,102.4
S124_Q11.csv,102.4
S140_Q2.csv,102.4
S349_Q7.csv,102.4
S206_Q18.csv,102.48
S210_Q47.csv,102.48
S44_Q9.csv,102.48
S203_Q1.csv,102.48
S210_Q21.csv,102.48
S209_Q10.csv,102.48
S157_Q22.csv,102.48
S207_Q1.csv,102.48
S206_Q16.csv,102.56
S122_Q22.csv,102.56
S212_Q16.csv,102.56
S72_Q6.csv,102.56
S212_Q18.csv,102.56
S122_Q4.csv,102.64
S72_Q11.csv,102.64
S205_Q23.csv,102.72
S121_Q10.csv,102.72
S203_Q7.csv,102.72
S163_Q18.csv,102.72
S257_Q22.csv,102.72
S202_Q20.csv,102.72
S124_Q2.csv,102.8
S213_Q7.csv,102.8
S122_Q7.csv,102.8
S213_Q15.csv,102.88
S56_Q1.csv,102.88
S157_Q14.csv,102.88
S212_Q20.csv,102.88
S117_Q6.csv,102.88
S100_Q1.csv,102.88
S72_Q21.csv,102.88
S348_Q9.csv,102.88
S124_Q16.csv,102.96
S72_Q10.csv,102.96
S205_Q14.csv,102.96
S44_Q20.csv,102.96
S44_Q7.csv,102.96
S349_Q15.csv,103.04
S207_Q18.csv,103.04
S221_Q1.csv,103.04
S206_Q6.csv,103.04
S89_Q1.csv,103.04
S213_Q11.csv,103.04
S207_Q10.csv,103.04
S209_Q11.csv,103.12
S12_Q21.csv,103.12
S257_Q16.csv,103.12
S221_Q6.csv,103.12
S44_Q11.csv,103.12
S212_Q4.csv,103.12
S207_Q16.csv,103.2
S202_Q47.csv,103.2
S274_Q11.csv,103.2
S213_Q4.csv,103.2
S212_Q22.csv,103.2
S339_Q14.csv,103.2
S117_Q7.csv,103.28
S349_Q23.csv,103.28
S39_Q23.csv,103.28
S12_Q23.csv,103.28
S205_Q11.csv,103.28
S192_Q23.csv,103.28
S349_Q9.csv,103.28
S124_Q4.csv,103.28
S44_Q15.csv,103.36
S274_Q2.csv,103.36
S206_Q23.csv,103.36
S39_Q20.csv,103.36
S205_Q13.csv,103.44
S169_Q22.csv,103.52
S157_Q21.csv,103.52
S133_Q21.csv,103.52
S257_Q11.csv,103.52
S169_Q47.csv,103.6
S144_Q10.csv,103.6
S192_Q7.csv,103.6
S204_Q15.csv,103.6
S203_Q47.csv,103.6
S348_Q11.csv,103.6
S204_Q11.csv,103.68
S349_Q2.csv,103.68
S339_Q4.csv,103.68
S202_Q15.csv,103.68
S192_Q10.csv,103.68
S202_Q18.csv,103.76
S169_Q2.csv,103.76
S238_Q7.csv,103.76
S213_Q23.csv,103.76
S203_Q13.csv,103.84
S164_Q1.csv,103.84
S122_Q6.csv,103.84
S202_Q21.csv,103.84
S221_Q20.csv,103.84
S213_Q47.csv,103.92
S122_Q23.csv,103.92
S205_Q22.csv,103.92
S122_Q14.csv,103.92
S72_Q18.csv,103.92
S213_Q13.csv,104.0
S157_Q20.csv,104.0
S72_Q22.csv,104.0
S56_Q15.csv,104.0
S164_Q4.csv,104.0
S144_Q6.csv,104.0
S207_Q22.csv,104.0
S44_Q47.csv,104.08
S232_Q15.csv,104.08
S72_Q14.csv,104.08
S133_Q9.csv,104.08
S348_Q1.csv,104.08
S206_Q20.csv,104.08
S213_Q9.csv,104.08
S164_Q2.csv,104.16
S213_Q14.csv,104.16
S157_Q47.csv,104.16
S206_Q21.csv,104.16
S209_Q47.csv,104.16
S207_Q2.csv,104.16
S349_Q1.csv,104.16
S213_Q18.csv,104.16
S118_Q13.csv,104.16
S117_Q13.csv,104.24
S349_Q21.csv,104.24
S121_Q6.csv,104.24
S100_Q9.csv,104.24
S133_Q16.csv,104.32
S204_Q16.csv,104.32
S238_Q10.csv,104.32
S206_Q13.csv,104.32
S274_Q21.csv,104.4
S124_Q1.csv,104.4
S72_Q9.csv,104.4
S118_Q6.csv,104.4
S121_Q4.csv,104.48
S203_Q22.csv,104.48
S221_Q21.csv,104.48
S48_Q4.csv,104.48
S133_Q7.csv,104.56
S72_Q20.csv,104.56
S117_Q4.csv,104.56
S202_Q11.csv,104.56
S348_Q22.csv,104.56
S117_Q11.csv,104.64
S72_Q15.csv,104.64
S349_Q47.csv,104.64
S144_Q2.csv,104.72
S121_Q7.csv,104.72
S212_Q15.csv,104.72
S169_Q1.csv,104.8
S204_Q20.csv,104.8
S339_Q13.csv,104.8
S204_Q47.csv,104.8
S139_Q13.csv,104.8
S139_Q23.csv,104.8
S348_Q4.csv,104.8
S196_Q14.csv,104.8
S169_Q20.csv,104.8
S238_Q1.csv,104.88
S209_Q16.csv,104.88
S144_Q23.csv,104.88
S404_Q2.csv,104.88
S349_Q18.csv,104.88
S117_Q2.csv,104.96
S286_Q23.csv,104.96
S205_Q47.csv,104.96
S117_Q14.csv,105.04
S124_Q47.csv,105.04
S349_Q4.csv,105.04
S238_Q22.csv,105.04
S351_Q2.csv,105.04
S144_Q14.csv,105.12
S196_Q21.csv,105.2
S348_Q6.csv,105.2
S118_Q23.csv,105.2
S117_Q1.csv,105.2
S196_Q20.csv,105.28
S192_Q4.csv,105.28
S209_Q18.csv,105.28
S204_Q18.csv,105.28
S238_Q6.csv,105.28
S349_Q20.csv,105.28
S221_Q13.csv,105.28
S339_Q7.csv,105.36
S349_Q11.csv,105.36
S56_Q6.csv,105.36
S121_Q20.csv,105.36
S210_Q18.csv,105.36
S56_Q4.csv,105.36
S133_Q2.csv,105.44
S350_Q1.csv,105.44
S221_Q9.csv,105.44
S339_Q47.csv,105.44
S213_Q21.csv,105.44
S124_Q18.csv,105.44
S144_Q18.csv,105.44
S118_Q9.csv,105.52
S196_Q23.csv,105.52
S204_Q23.csv,105.52
S339_Q9.csv,105.52
S56_Q22.csv,105.52
S192_Q13.csv,105.52
S257_Q20.csv,105.6
S121_Q14.csv,105.6
S204_Q14.csv,105.6
S339_Q15.csv,105.6
S144_Q7.csv,105.6
S339_Q1.csv,105.68
S339_Q11.csv,105.68
S213_Q16.csv,105.68
S117_Q21.csv,105.68
S133_Q23.csv,105.76
S203_Q15.csv,105.76
S157_Q9.csv,105.76
S205_Q15.csv,105.76
S117_Q22.csv,105.76
S56_Q47.csv,105.76
S203_Q16.csv,105.84
S133_Q4.csv,105.84
S117_Q20.csv,105.84
S196_Q7.csv,105.84
S133_Q20.csv,105.92
S118_Q7.csv,105.92
S209_Q15.csv,106.0
S339_Q21.csv,106.0
S196_Q11.csv,106.08
S203_Q23.csv,106.08
S209_Q20.csv,106.16
S192_Q20.csv,106.16
S169_Q23.csv,106.16
S169_Q10.csv,106.16
S232_Q18.csv,106.16
S124_Q7.csv,106.16
S339_Q16.csv,106.24
S192_Q11.csv,106.24
S339_Q20.csv,106.24
S192_Q22.csv,106.24
S196_Q13.csv,106.24
S100_Q20.csv,106.24
S118_Q10.csv,106.24
S196_Q16.csv,106.32
S144_Q22.csv,106.32
S232_Q16.csv,106.32
S348_Q21.csv,106.32
S286_Q16.csv,106.4
S238_Q47.csv,106.4
S339_Q18.csv,106.4
S339_Q6.csv,106.4
S122_Q47.csv,106.4
S336_Q2.csv,106.4
S139_Q1.csv,106.48
S207_Q15.csv,106.48
S122_Q11.csv,106.48
S348_Q20.csv,106.48
S144_Q11.csv,106.48
S122_Q13.csv,106.48
S144_Q16.csv,106.56
S192_Q1.csv,106.56
S100_Q14.csv,106.56
S181_Q7.csv,106.64
S158_Q22.csv,106.64
S205_Q21.csv,106.72
S203_Q18.csv,106.72
S192_Q2.csv,106.72
S100_Q15.csv,106.72
S100_Q23.csv,106.72
S246_Q1.csv,106.72
S286_Q14.csv,106.8
S181_Q9.csv,106.8
S203_Q11.csv,106.88
S133_Q15.csv,106.88
S196_Q6.csv,106.88
S169_Q6.csv,106.96
S121_Q23.csv,106.96
S286_Q47.csv,106.96
S117_Q47.csv,106.96
S56_Q20.csv,106.96
S118_Q22.csv,106.96
S196_Q15.csv,107.04
S56_Q9.csv,107.04
S158_Q9.csv,107.04
S286_Q6.csv,107.04
S260_Q9.csv,107.04
S121_Q22.csv,107.04
S238_Q9.csv,107.04
S144_Q21.csv,107.04
S339_Q23.csv,107.12
S212_Q47.csv,107.12
S205_Q18.csv,107.12
S192_Q15.csv,107.12
S222_Q15.csv,107.12
S196_Q4.csv,107.12
S260_Q2.csv,107.2
S192_Q14.csv,107.28
S122_Q20.csv,107.28
S351_Q14.csv,107.36
S39_Q4.csv,107.36
S56_Q7.csv,107.36
S100_Q7.csv,107.36
S100_Q22.csv,107.44
S196_Q10.csv,107.44
S118_Q4.csv,107.44
S238_Q13.csv,107.44
S204_Q22.csv,107.44
S229_Q13.csv,107.44
S124_Q21.csv,107.44
S158_Q10.csv,107.52
S181_Q10.csv,107.52
S163_Q11.csv,107.52
S202_Q16.csv,107.52
S133_Q6.csv,107.52
S209_Q21.csv,107.6
S348_Q16.csv,107.6
S56_Q11.csv,107.6
S56_Q16.csv,107.6
S181_Q14.csv,107.6
S169_Q4.csv,107.6
S118_Q14.csv,107.68
S260_Q10.csv,107.68
S122_Q2.csv,107.68
S100_Q6.csv,107.76
S181_Q23.csv,107.76
S122_Q15.csv,107.76
S118_Q11.csv,107.84
S133_Q18.csv,107.84
S260_Q22.csv,107.84
S139_Q7.csv,107.84
S122_Q21.csv,107.84
S144_Q1.csv,107.84
S133_Q14.csv,107.84
S238_Q23.csv,107.92
S286_Q10.csv,107.92
S205_Q20.csv,108.0
S138_Q11.csv,108.0
S238_Q2.csv,108.0
S246_Q2.csv,108.0
S192_Q47.csv,108.0
S213_Q10.csv,108.0
S144_Q9.csv,108.0
S286_Q15.csv,108.08
S205_Q16.csv,108.08
S122_Q16.csv,108.08
S339_Q22.csv,108.08
S231_Q6.csv,108.08
S196_Q9.csv,108.16
S122_Q1.csv,108.16
S196_Q47.csv,108.24
S117_Q23.csv,108.24
S181_Q47.csv,108.24
S139_Q9.csv,108.32
S229_Q6.csv,108.32
S56_Q23.csv,108.32
S169_Q11.csv,108.32
S139_Q22.csv,108.4
S118_Q1.csv,108.4
S238_Q16.csv,108.48
S238_Q4.csv,108.48
S133_Q1.csv,108.56
S144_Q13.csv,108.56
S196_Q22.csv,108.56
S139_Q18.csv,108.56
S158_Q6.csv,108.56
S192_Q18.csv,108.56
S286_Q20.csv,108.56
S122_Q18.csv,108.64
S144_Q4.csv,108.64
S72_Q16.csv,108.64
S231_Q2.csv,108.72
S56_Q18.csv,108.72
S192_Q21.csv,108.72
S100_Q2.csv,108.8
S286_Q22.csv,108.8
S181_Q1.csv,108.8
S221_Q18.csv,108.88
S229_Q4.csv,108.88
S286_Q13.csv,108.88
S158_Q13.csv,108.96
S118_Q2.csv,108.96
S286_Q21.csv,109.04
S158_Q14.csv,109.2
S140_Q10.csv,109.2
S158_Q1.csv,109.2
S181_Q13.csv,109.28
S181_Q6.csv,109.36
S118_Q16.csv,109.36
S181_Q22.csv,109.36
S117_Q16.csv,109.36
S339_Q10.csv,109.36
S118_Q47.csv,109.36
S260_Q4.csv,109.36
S144_Q20.csv,109.44
S238_Q15.csv,109.44
S229_Q11.csv,109.52
S140_Q9.csv,109.52
S232_Q6.csv,109.52
S158_Q21.csv,109.52
S238_Q11.csv,109.6
S229_Q20.csv,109.6
S231_Q14.csv,109.6
S229_Q7.csv,109.6
S231_Q7.csv,109.6
S286_Q2.csv,109.68
S339_Q2.csv,109.68
S169_Q9.csv,109.68
S260_Q23.csv,109.68
S238_Q14.csv,109.76
S158_Q11.csv,109.76
S181_Q11.csv,109.76
S260_Q14.csv,109.76
S121_Q47.csv,109.84
S169_Q18.csv,109.84
S56_Q21.csv,109.84
S100_Q10.csv,109.84
S181_Q4.csv,109.92
S229_Q15.csv,109.92
S260_Q6.csv,110.0
S192_Q16.csv,110.0
S56_Q14.csv,110.0
S169_Q14.csv,110.0
S121_Q15.csv,110.0
S48_Q2.csv,110.0
S229_Q16.csv,110.0
S158_Q7.csv,110.08
S229_Q18.csv,110.08
S213_Q1.csv,110.08
S158_Q47.csv,110.08
S181_Q2.csv,110.16
S238_Q18.csv,110.16
S100_Q4.csv,110.16
S286_Q9.csv,110.16
S229_Q21.csv,110.16
S280_Q10.csv,110.16
S229_Q10.csv,110.24
S196_Q18.csv,110.24
S229_Q22.csv,110.24
S336_Q1.csv,110.24
S169_Q16.csv,110.32
S100_Q18.csv,110.32
S336_Q13.csv,110.4
S118_Q18.csv,110.4
S336_Q7.csv,110.4
S238_Q20.csv,110.56
S229_Q47.csv,110.56
S158_Q23.csv,110.64
S100_Q11.csv,110.64
S231_Q9.csv,110.64
S336_Q22.csv,110.64
S133_Q11.csv,110.64
S118_Q15.csv,110.72
S260_Q11.csv,110.72
S260_Q13.csv,110.72
S169_Q15.csv,110.8
S158_Q20.csv,110.8
S229_Q14.csv,110.8
S118_Q20.csv,110.88
S169_Q21.csv,110.88
S336_Q14.csv,110.88
S260_Q15.csv,110.96
S286_Q7.csv,110.96
S221_Q11.csv,110.96
S169_Q7.csv,111.04
S323_Q21.csv,111.04
S260_Q1.csv,111.04
S140_Q11.csv,111.04
S158_Q15.csv,111.12
S140_Q22.csv,111.2
S260_Q7.csv,111.28
S100_Q47.csv,111.28
S229_Q9.csv,111.28
S231_Q1.csv,111.36
S100_Q13.csv,111.36
S231_Q11.csv,111.44
S238_Q21.csv,111.44
S229_Q23.csv,111.44
S100_Q45.csv,111.52
S210_Q6.csv,111.52
S231_Q10.csv,111.52
S140_Q1.csv,111.6
S140_Q23.csv,111.68
S336_Q10.csv,111.68
S140_Q13.csv,111.76
S336_Q6.csv,111.76
S138_Q22.csv,111.76
S336_Q9.csv,111.84
S336_Q11.csv,111.92
S351_Q6.csv,112.0
S144_Q15.csv,112.0
S169_Q13.csv,112.08
S231_Q4.csv,112.08
S336_Q4.csv,112.08
S260_Q20.csv,112.16
S140_Q6.csv,112.16
S140_Q14.csv,112.24
S351_Q11.csv,112.32
S336_Q21.csv,112.4
S336_Q18.csv,112.48
S158_Q4.csv,112.56
S231_Q13.csv,112.64
S310_Q9.csv,112.64
S297_Q7.csv,112.72
S181_Q16.csv,112.72
S336_Q20.csv,112.72
S336_Q15.csv,112.8
S139_Q15.csv,112.88
S158_Q16.csv,113.12
S140_Q7.csv,113.12
S56_Q10.csv,113.2
S231_Q20.csv,113.28
S181_Q15.csv,113.28
S231_Q47.csv,113.36
S140_Q20.csv,113.36
S140_Q21.csv,113.44
S231_Q16.csv,113.44
S322_Q23.csv,113.44
S231_Q15.csv,113.52
S118_Q21.csv,113.52
S351_Q21.csv,113.52
S140_Q16.csv,113.52
S231_Q22.csv,113.52
S181_Q21.csv,113.68
S231_Q23.csv,113.76
S260_Q16.csv,113.76
S336_Q16.csv,113.76
S351_Q18.csv,113.84
S323_Q20.csv,113.84
S351_Q15.csv,113.92
S322_Q47.csv,114.0
S100_Q16.csv,114.0
S121_Q9.csv,114.08
S351_Q16.csv,114.08
S351_Q13.csv,114.08
S117_Q15.csv,114.16
S140_Q15.csv,114.16
S138_Q47.csv,114.24
S100_Q21.csv,114.24
S48_Q18.csv,114.24
S140_Q47.csv,114.4
S232_Q9.csv,114.4
S260_Q21.csv,114.48
S271_Q1.csv,114.48
S361_Q13.csv,114.48
S323_Q2.csv,114.56
S323_Q7.csv,114.64
S158_Q2.csv,114.8
S48_Q1.csv,114.88
S323_Q11.csv,114.96
S181_Q20.csv,115.04
S323_Q6.csv,115.04
S231_Q18.csv,115.2
S323_Q9.csv,115.44
S221_Q47.csv,115.44
S232_Q21.csv,115.52
S232_Q4.csv,115.52
S232_Q22.csv,115.76
S323_Q4.csv,115.76
S323_Q10.csv,115.84
S140_Q4.csv,115.92
S323_Q13.csv,115.92
S232_Q47.csv,115.92
S232_Q11.csv,116.08
S140_Q18.csv,116.24
S222_Q22.csv,116.32
S310_Q18.csv,116.32
S231_Q21.csv,116.56
S181_Q18.csv,116.64
S232_Q1.csv,116.88
S310_Q2.csv,116.96
S286_Q11.csv,117.04
S260_Q18.csv,117.04
S217_Q20.csv,117.04
S158_Q18.csv,117.04
S317_Q7.csv,117.2
S317_Q9.csv,117.28
S323_Q1.csv,117.36
S322_Q20.csv,117.44
S232_Q23.csv,117.52
S323_Q23.csv,117.84
S322_Q15.csv,117.84
S323_Q18.csv,118.16
S323_Q14.csv,118.32
S232_Q2.csv,118.72
S260_Q47.csv,118.96
S323_Q16.csv,119.04
S232_Q13.csv,119.12
S412_Q47.csv,119.28
S218_Q1.csv,119.44
S322_Q22.csv,119.44
S341_Q22.csv,119.6
S217_Q13.csv,119.6
S224_Q14.csv,119.68
S221_Q23.csv,120.0
S341_Q13.csv,120.16
S341_Q9.csv,120.48
S221_Q14.csv,120.56
S232_Q14.csv,120.64
S232_Q7.csv,120.72
S222_Q7.csv,120.72
S341_Q20.csv,120.8
S222_Q6.csv,120.96
S341_Q14.csv,121.04
S412_Q20.csv,121.12
S341_Q7.csv,121.28
S222_Q11.csv,121.28
S310_Q13.csv,121.52
S297_Q20.csv,121.68
S412_Q23.csv,121.68
S412_Q22.csv,121.76
S412_Q10.csv,121.76
S341_Q15.csv,122.0
S341_Q6.csv,122.0
S218_Q22.csv,122.08
S412_Q15.csv,122.08
S48_Q47.csv,122.08
S412_Q9.csv,122.16
S412_Q6.csv,122.32
S341_Q10.csv,122.32
S297_Q11.csv,122.4
S412_Q1.csv,122.48
S412_Q16.csv,122.56
S341_Q47.csv,122.64
S336_Q47.csv,122.64
S322_Q7.csv,122.72
S341_Q11.csv,122.88
S341_Q16.csv,122.96
S412_Q45.csv,123.12
S297_Q1.csv,123.2
S410_Q14.csv,123.36
S412_Q4.csv,123.44
S297_Q14.csv,123.52
S341_Q21.csv,123.52
S297_Q16.csv,123.52
S222_Q21.csv,123.6
S412_Q13.csv,123.6
S412_Q14.csv,123.6
S412_Q18.csv,123.68
S410_Q18.csv,123.76
S412_Q7.csv,123.76
S341_Q18.csv,123.92
S297_Q18.csv,124.08
S297_Q4.csv,124.08
S331_Q10.csv,124.16
S297_Q13.csv,124.24
S317_Q6.csv,124.24
S409_Q16.csv,124.32
S213_Q2.csv,124.32
S218_Q23.csv,124.4
S412_Q21.csv,124.56
S331_Q15.csv,124.64
S409_Q11.csv,124.64
S410_Q13.csv,124.64
S412_Q2.csv,124.64
S297_Q2.csv,124.64
S409_Q14.csv,124.64
S409_Q13.csv,124.64
S218_Q4.csv,124.64
S297_Q10.csv,124.72
S297_Q9.csv,124.72
S297_Q21.csv,124.72
S224_Q6.csv,124.72
S217_Q11.csv,124.8
S409_Q18.csv,124.8
S310_Q22.csv,124.8
S409_Q6.csv,124.88
S351_Q23.csv,124.88
S297_Q15.csv,124.88
S409_Q21.csv,124.96
S361_Q22.csv,125.04
S310_Q4.csv,125.04
S413_Q22.csv,125.04
S220_Q7.csv,125.04
S413_Q15.csv,125.04
S412_Q11.csv,125.12
S413_Q16.csv,125.12
S322_Q13.csv,125.12
S331_Q23.csv,125.12
S361_Q11.csv,125.12
S297_Q6.csv,125.2
S220_Q20.csv,125.28
S297_Q23.csv,125.28
S413_Q45.csv,125.28
S413_Q18.csv,125.28
S410_Q45.csv,125.36
S293_Q2.csv,125.44
S310_Q7.csv,125.44
S413_Q20.csv,125.44
S317_Q21.csv,125.44
S220_Q2.csv,125.52
S220_Q6.csv,125.52
S310_Q11.csv,125.52
S409_Q20.csv,125.52
S297_Q22.csv,125.52
S310_Q1.csv,125.6
S218_Q11.csv,125.6
S220_Q11.csv,125.6
S220_Q9.csv,125.68
S409_Q15.csv,125.68
S310_Q16.csv,125.68
S220_Q47.csv,125.68
S220_Q13.csv,125.68
S410_Q6.csv,125.68
S413_Q11.csv,125.68
S341_Q23.csv,125.76
S413_Q47.csv,125.84
S220_Q15.csv,125.92
S410_Q22.csv,126.0
S409_Q22.csv,126.0
S413_Q21.csv,126.0
S220_Q16.csv,126.08
S410_Q11.csv,126.08
S331_Q11.csv,126.16
S224_Q47.csv,126.16
S410_Q21.csv,126.24
S331_Q18.csv,126.24
S361_Q23.csv,126.4
S224_Q10.csv,126.4
S409_Q10.csv,126.48
S224_Q22.csv,126.64
S410_Q47.csv,126.72
S224_Q7.csv,126.72
S224_Q13.csv,126.72
S409_Q47.csv,126.72
S224_Q21.csv,126.72
S413_Q13.csv,126.8
S409_Q45.csv,126.8
S331_Q9.csv,126.8
S224_Q15.csv,126.8
S224_Q20.csv,126.8
S409_Q23.csv,126.88
S410_Q23.csv,126.88
S218_Q20.csv,126.96
S224_Q1.csv,126.96
S331_Q7.csv,126.96
S409_Q7.csv,126.96
S409_Q4.csv,127.04
S331_Q2.csv,127.2
S331_Q6.csv,127.2
S310_Q15.csv,127.2
S220_Q21.csv,127.2
S229_Q2.csv,127.28
S291_Q22.csv,127.28
S297_Q47.csv,127.28
S224_Q18.csv,127.36
S410_Q20.csv,127.36
S220_Q10.csv,127.44
S409_Q9.csv,127.44
S413_Q23.csv,127.52
S220_Q23.csv,127.52
S218_Q9.csv,127.52
S310_Q21.csv,127.52
S310_Q14.csv,127.6
S310_Q20.csv,127.6
S317_Q23.csv,127.6
S310_Q10.csv,127.6
S222_Q10.csv,127.68
S410_Q10.csv,127.68
S331_Q20.csv,127.76
S220_Q18.csv,127.76
S361_Q21.csv,127.76
S220_Q22.csv,127.84
S218_Q6.csv,127.92
S220_Q14.csv,127.92
S361_Q15.csv,128.0
S332_Q10.csv,128.0
S410_Q16.csv,128.08
S341_Q2.csv,128.16
S224_Q11.csv,128.16
S361_Q47.csv,128.16
S218_Q14.csv,128.16
S222_Q13.csv,128.16
S220_Q4.csv,128.24
S222_Q2.csv,128.24
S218_Q7.csv,128.24
S222_Q14.csv,128.24
S224_Q9.csv,128.24
S341_Q1.csv,128.32
S317_Q2.csv,128.32
S331_Q16.csv,128.4
S331_Q4.csv,128.48
S218_Q18.csv,128.72
S317_Q11.csv,128.8
S225_Q23.csv,128.88
S222_Q4.csv,128.96
S218_Q13.csv,128.96
S222_Q23.csv,128.96
S409_Q1.csv,129.12
S224_Q16.csv,129.12
S331_Q47.csv,129.2
S409_Q2.csv,129.2
S317_Q10.csv,129.36
S331_Q22.csv,129.36
S224_Q2.csv,129.44
S360_Q20.csv,129.44
S218_Q16.csv,129.52
S291_Q6.csv,129.52
S294_Q7.csv,129.52
S310_Q23.csv,129.52
S224_Q4.csv,129.6
S351_Q47.csv,129.6
S225_Q6.csv,129.68
S225_Q9.csv,129.68
S220_Q1.csv,129.68
S291_Q11.csv,129.68
S222_Q9.csv,129.76
S291_Q23.csv,129.92
S331_Q13.csv,129.92
S322_Q14.csv,129.92
S360_Q18.csv,130.0
S360_Q23.csv,130.08
S218_Q47.csv,130.16
S317_Q16.csv,130.24
S225_Q7.csv,130.24
S225_Q15.csv,130.24
S331_Q21.csv,130.32
S225_Q1.csv,130.32
S410_Q15.csv,130.4
S360_Q15.csv,130.56
S218_Q21.csv,130.64
S217_Q22.csv,130.64
S294_Q21.csv,130.72
S225_Q22.csv,130.72
S217_Q7.csv,130.8
S224_Q23.csv,130.8
S225_Q4.csv,130.88
S294_Q13.csv,130.96
S331_Q1.csv,130.96
S291_Q18.csv,131.12
S218_Q2.csv,131.12
S225_Q20.csv,131.12
S225_Q13.csv,131.12
S294_Q14.csv,131.2
S294_Q23.csv,131.2
S218_Q15.csv,131.28
S291_Q14.csv,131.28
S294_Q4.csv,131.36
S291_Q2.csv,131.36
S294_Q15.csv,131.44
S294_Q11.csv,131.44
S225_Q21.csv,131.52
S225_Q18.csv,131.52
S225_Q2.csv,131.52
S294_Q20.csv,131.68
S294_Q22.csv,131.76
S225_Q14.csv,131.84
S225_Q10.csv,131.84
S360_Q22.csv,131.84
S433_Q22.csv,131.84
S310_Q47.csv,131.84
S291_Q16.csv,131.92
S433_Q16.csv,132.0
S222_Q1.csv,132.0
S217_Q9.csv,132.0
S291_Q21.csv,132.08
S217_Q10.csv,132.16
S230_Q2.csv,132.16
S217_Q6.csv,132.32
S291_Q4.csv,132.32
S291_Q15.csv,132.4
S291_Q20.csv,132.4
S294_Q9.csv,132.56
S361_Q16.csv,132.56
S218_Q10.csv,132.56
S294_Q16.csv,132.56
S291_Q7.csv,132.64
S332_Q13.csv,132.72
S322_Q6.csv,132.8
S317_Q20.csv,132.8
S217_Q23.csv,132.88
S322_Q2.csv,132.96
S291_Q9.csv,132.96
S217_Q16.csv,132.96
S225_Q16.csv,132.96
S294_Q47.csv,133.04
S291_Q10.csv,133.04
S294_Q1.csv,133.04
S225_Q11.csv,133.04
S433_Q23.csv,133.12
S225_Q47.csv,133.2
S322_Q9.csv,133.28
S291_Q47.csv,133.36
S217_Q21.csv,133.44
S294_Q2.csv,133.52
S331_Q14.csv,133.52
S294_Q6.csv,133.6
S433_Q47.csv,133.6
S322_Q10.csv,133.68
S322_Q11.csv,133.68
S332_Q6.csv,133.68
S317_Q22.csv,133.76
S433_Q13.csv,133.76
S433_Q21.csv,133.76
S230_Q22.csv,133.84
S361_Q20.csv,133.84
S230_Q23.csv,133.84
S230_Q10.csv,133.84
S294_Q10.csv,134.08
S360_Q10.csv,134.08
S332_Q16.csv,134.4
S217_Q4.csv,134.4
S332_Q11.csv,134.4
S317_Q47.csv,134.4
S317_Q18.csv,134.4
S286_Q18.csv,134.48
S433_Q10.csv,134.72
S230_Q18.csv,134.72
S433_Q15.csv,134.72
S433_Q14.csv,134.72
S217_Q15.csv,134.72
S332_Q9.csv,134.8
S332_Q2.csv,134.8
S332_Q47.csv,134.88
S332_Q1.csv,134.96
S317_Q1.csv,134.96
S360_Q9.csv,135.04
S332_Q23.csv,135.12
S117_Q9.csv,135.12
S359_Q6.csv,135.2
S291_Q1.csv,135.2
S264_Q16.csv,135.2
S322_Q1.csv,135.28
S310_Q6.csv,135.28
S356_Q10.csv,135.28
S264_Q15.csv,135.36
S332_Q15.csv,135.36
S230_Q11.csv,135.36
S317_Q13.csv,135.36
S332_Q4.csv,135.44
S322_Q18.csv,135.44
S332_Q7.csv,135.6
S332_Q20.csv,135.6
S317_Q14.csv,135.6
S230_Q47.csv,135.6
S433_Q7.csv,135.68
S360_Q6.csv,135.68
S264_Q20.csv,135.68
S322_Q4.csv,135.68
S264_Q2.csv,135.76
S322_Q16.csv,135.76
S433_Q2.csv,135.76
S322_Q21.csv,135.76
S230_Q7.csv,135.76
S294_Q18.csv,135.84
S332_Q14.csv,135.84
S317_Q4.csv,135.84
S291_Q13.csv,135.92
S217_Q47.csv,136.0
S332_Q22.csv,136.32
S264_Q4.csv,136.4
S317_Q15.csv,136.48
S230_Q16.csv,136.56
S264_Q22.csv,136.56
S230_Q1.csv,136.56
S360_Q13.csv,136.64
S217_Q18.csv,136.64
S365_Q18.csv,136.72
S230_Q4.csv,136.8
S217_Q14.csv,136.88
S433_Q18.csv,136.88
S264_Q21.csv,136.96
S230_Q9.csv,136.96
S433_Q20.csv,136.96
S264_Q47.csv,137.28
S332_Q21.csv,137.28
S287_Q47.csv,137.28
S360_Q14.csv,137.44
S264_Q10.csv,137.44
S360_Q21.csv,137.52
S230_Q15.csv,137.6
S360_Q1.csv,137.68
S360_Q11.csv,137.68
S287_Q13.csv,137.68
S230_Q6.csv,137.76
S341_Q4.csv,137.76
S287_Q6.csv,137.84
S217_Q1.csv,137.92
S230_Q13.csv,138.0
S287_Q7.csv,138.08
S433_Q6.csv,138.08
S287_Q23.csv,138.24
S360_Q7.csv,138.24
S360_Q2.csv,138.32
S264_Q7.csv,138.32
S332_Q18.csv,138.4
S433_Q11.csv,138.48
S287_Q20.csv,138.48
S287_Q22.csv,138.56
S433_Q45.csv,138.56
S264_Q13.csv,138.8
S230_Q21.csv,138.96
S361_Q18.csv,139.04
S230_Q14.csv,139.04
S287_Q18.csv,139.12
S361_Q6.csv,139.2
S287_Q21.csv,139.2
S433_Q4.csv,139.2
S230_Q20.csv,139.6
S433_Q1.csv,139.68
S361_Q1.csv,139.92
S287_Q15.csv,140.24
S361_Q4.csv,140.24
S361_Q2.csv,140.32
S360_Q16.csv,140.32
S433_Q9.csv,140.32
S264_Q18.csv,140.72
S365_Q9.csv,140.96
S287_Q16.csv,140.96
S361_Q9.csv,141.2
S264_Q14.csv,141.2
S287_Q9.csv,141.28
S264_Q6.csv,141.28
S287_Q14.csv,141.36
S288_Q6.csv,141.44
S288_Q10.csv,141.44
S287_Q11.csv,141.52
S288_Q1.csv,141.76
S365_Q22.csv,141.92
S365_Q10.csv,142.0
S365_Q7.csv,142.16
S217_Q2.csv,142.4
S288_Q9.csv,142.4
S360_Q4.csv,142.48
S290_Q1.csv,142.48
S365_Q15.csv,142.56
S365_Q1.csv,142.56
S365_Q47.csv,142.72
S287_Q1.csv,142.8
S365_Q4.csv,142.96
S365_Q11.csv,143.04
S287_Q4.csv,143.12
S365_Q23.csv,143.12
S288_Q4.csv,143.28
S290_Q20.csv,143.44
S288_Q14.csv,143.44
S365_Q16.csv,143.6
S290_Q23.csv,143.6
S288_Q13.csv,143.68
S290_Q14.csv,143.68
S365_Q21.csv,143.76
S288_Q20.csv,144.16
S290_Q22.csv,144.16
S361_Q14.csv,144.24
S359_Q2.csv,144.32
S290_Q13.csv,144.32
S287_Q10.csv,144.4
S290_Q47.csv,144.4
S365_Q6.csv,144.56
S290_Q2.csv,144.56
S329_Q15.csv,144.64
S290_Q7.csv,144.72
S288_Q23.csv,144.72
S290_Q4.csv,144.72
S288_Q21.csv,145.04
S361_Q10.csv,145.04
S290_Q11.csv,145.12
S288_Q7.csv,145.12
S365_Q13.csv,145.28
S324_Q6.csv,145.28
S359_Q7.csv,145.28
S359_Q22.csv,145.36
S290_Q18.csv,145.36
S288_Q11.csv,145.44
S359_Q1.csv,145.52
S324_Q2.csv,145.6
S359_Q14.csv,145.6
S324_Q20.csv,145.92
S290_Q15.csv,145.92
S288_Q22.csv,146.16
S288_Q16.csv,146.24
S324_Q15.csv,146.4
S290_Q16.csv,146.48
S290_Q6.csv,146.48
S359_Q4.csv,146.56
S324_Q4.csv,146.64
S287_Q2.csv,146.64
S324_Q21.csv,146.64
S324_Q18.csv,146.64
S359_Q23.csv,146.72
S359_Q10.csv,146.72
S288_Q15.csv,146.8
S288_Q18.csv,146.8
S264_Q9.csv,146.96
S324_Q23.csv,147.04
S324_Q47.csv,147.12
S324_Q7.csv,147.12
S288_Q47.csv,147.28
S324_Q10.csv,147.28
S324_Q22.csv,147.44
S359_Q18.csv,147.52
S359_Q20.csv,147.52
S324_Q16.csv,147.76
S324_Q9.csv,147.76
S324_Q13.csv,147.84
S290_Q21.csv,147.92
S329_Q7.csv,147.92
S290_Q9.csv,148.0
S290_Q10.csv,148.08
S264_Q23.csv,148.08
S329_Q2.csv,148.16
S288_Q2.csv,148.96
S359_Q16.csv,149.04
S359_Q13.csv,149.04
S324_Q11.csv,149.12
S359_Q15.csv,149.2
S329_Q10.csv,149.28
S365_Q2.csv,149.52
S359_Q47.csv,150.08
S365_Q20.csv,150.32
S324_Q1.csv,150.4
S324_Q14.csv,150.48
S329_Q9.csv,150.48
S329_Q22.csv,150.48
S329_Q23.csv,150.48
S329_Q11.csv,150.56
S359_Q21.csv,150.72
S329_Q18.csv,151.28
S329_Q21.csv,151.52
S329_Q14.csv,151.6
S329_Q6.csv,151.6
S359_Q9.csv,151.76
S329_Q4.csv,151.92
S365_Q14.csv,152.4
S359_Q11.csv,152.88
S329_Q16.csv,153.2
S329_Q20.csv,153.36
S264_Q1.csv,153.44
S329_Q47.csv,153.84
S329_Q13.csv,154.0
S329_Q1.csv,154.08
S361_Q7.csv,157.84
S48_Q23.csv,168.32
S117_Q18.csv,183.84
S264_Q11.csv,203.92
